date,benchmark,price,benchmark_return,tri
2018-08-20,SML Index,,,1076.42
2018-08-21,SML Index,,0.0120757696809794,1089.4186
2018-08-22,SML Index,,0.0016804376205803,1091.2493
2018-08-23,SML Index,,-0.0031691200168467,1087.791
2018-08-24,SML Index,,0.0035560139769497,1091.6592
2018-08-27,SML Index,,0.0013059936654222,1093.0849
2018-08-28,SML Index,,-0.0002927494470009,1092.7649
2018-08-29,SML Index,,0.0015597133473084,1094.4693
2018-08-30,SML Index,,-0.0020838409994689,1092.1886
2018-08-31,SML Index,,0.0060797191986805,1098.8288
2018-09-04,SML Index,,-0.0043268796740675,1094.0743
2018-09-05,SML Index,,-0.0016277687904742,1092.2934
2018-09-06,SML Index,,-0.0069840209599362,1084.6648
2018-09-07,SML Index,,-0.0026099307362053,1081.8339
2018-09-10,SML Index,,0.0013502072730386,1083.2946
2018-09-11,SML Index,,-0.0001310816097487,1083.1526
2018-09-12,SML Index,,-0.002755198113359,1080.1683
2018-09-13,SML Index,,-9.637387062744196e-05,1080.0642
2018-09-14,SML Index,,0.0069288473777762,1087.5478
2018-09-17,SML Index,,-0.010172978144041,1076.4842
2018-09-18,SML Index,,0.0025948360412533,1079.2775
2018-09-19,SML Index,,-0.0070875191968701,1071.6281
2018-09-20,SML Index,,0.0089982709486622,1081.2709
2018-09-21,SML Index,,-0.0051360856932337,1075.7174
2018-09-24,SML Index,,-0.0070403249031761,1068.144
2018-09-25,SML Index,,0.0008927635225213,1069.0976
2018-09-26,SML Index,,-0.0089682176819029,1059.5097
2018-09-27,SML Index,,2.8503750366670744e-05,1059.5399
2018-09-28,SML Index,,0.0041611457954531,1063.9488
2018-10-01,SML Index,,-0.0143605594554924,1048.6699
2018-10-02,SML Index,,-0.010692878664678,1037.4566
2018-10-03,SML Index,,0.0090411492875941,1046.8364
2018-10-04,SML Index,,-0.0123360249987484,1033.9226
2018-10-05,SML Index,,-0.0107106663496862,1022.8486
2018-10-08,SML Index,,-0.0005290127981795,1022.3075
2018-10-09,SML Index,,-0.0040738231892067,1018.1428
2018-10-10,SML Index,,-0.0276679263458917,989.9729
2018-10-11,SML Index,,-0.0207932964629637,969.3881
2018-10-12,SML Index,,-0.0018046435684532,967.6387
2018-10-15,SML Index,,0.0053405263762187,972.8064
2018-10-16,SML Index,,0.0270745546081931,999.1447
2018-10-17,SML Index,,-0.0059290711345413,993.2207
2018-10-18,SML Index,,-0.0187976348056377,974.5505
2018-10-19,SML Index,,-0.0104370168605937,964.3791
2018-10-22,SML Index,,-0.0001089820382876,964.274
2018-10-23,SML Index,,-0.0077863760715315,956.7658
2018-10-24,SML Index,,-0.035044730904888,923.2362
2018-10-25,SML Index,,0.0220342313267178,943.579
2018-10-26,SML Index,,-0.0096053430608353,934.5156
2018-10-29,SML Index,,-0.0022099149548707,932.4504
2018-10-30,SML Index,,0.0224199592814804,953.3559
2018-10-31,SML Index,,-0.0009434042417947,952.4565
2018-11-01,SML Index,,0.0199610165923587,971.4685
2018-11-02,SML Index,,0.0047213059404398,976.0551
2018-11-05,SML Index,,0.001359554394009,977.3821
2018-11-06,SML Index,,0.0057680614367705,983.0197
2018-11-07,SML Index,,0.0120565233840177,994.8715
2018-11-08,SML Index,,-0.0024270471111093,992.4569
2018-11-09,SML Index,,-0.0170302609614583,975.5551
2018-11-12,SML Index,,-0.0180640744946134,957.9326
2018-11-13,SML Index,,-0.0017916709380179,956.2163
2018-11-14,SML Index,,-0.0074080519229802,949.1326
2018-11-15,SML Index,,0.0132476747716809,961.7064
2018-11-16,SML Index,,0.0030506191910546,964.6402
2018-11-19,SML Index,,-0.0163198672416928,948.8974
2018-11-20,SML Index,,-0.0183780670070335,931.4585
2018-11-21,SML Index,,0.0098193317254606,940.6048
2018-11-23,SML Index,,0.0001985956269838,940.7916
2018-11-26,SML Index,,0.0094553352729764,949.6871
2018-11-27,SML Index,,-0.0083423266463238,941.7645
2018-11-28,SML Index,,0.0241583750502381,964.516
2018-11-29,SML Index,,-0.004481833375496,960.1932
2018-11-30,SML Index,,0.0068052971006251,966.7276
2018-12-03,SML Index,,0.0070992076775298,973.5906
2018-12-04,SML Index,,-0.0460867226943234,928.721
2018-12-06,SML Index,,-0.0027266531067995,926.1887
2018-12-07,SML Index,,-0.0185175008073409,909.038
2018-12-10,SML Index,,-0.006875510154691,902.7879
2018-12-11,SML Index,,-0.0014177194887082,901.508
2018-12-12,SML Index,,0.0105555358355111,911.0239
2018-12-13,SML Index,,-0.0161001264621049,896.3563
2018-12-14,SML Index,,-0.0155894480799655,882.3826
2018-12-17,SML Index,,-0.0233377222080308,861.7898
2018-12-18,SML Index,,0.0015053554822763,863.0871
2018-12-19,SML Index,,-0.0213514951156146,844.6589
2018-12-20,SML Index,,-0.0145482395319578,832.3706
2018-12-21,SML Index,,-0.0223235899970517,813.7891
2018-12-24,SML Index,,-0.0193229425166789,798.0643
2018-12-26,SML Index,,0.0479321027140293,836.3172
2018-12-27,SML Index,,0.0041973308691964,839.8275
2018-12-28,SML Index,,0.0062846239257465,845.1055
2018-12-31,SML Index,,0.0056742028066318,849.9008
2019-01-02,SML Index,,0.0040621211322544,853.3532
2019-01-03,SML Index,,-0.0181207500012889,837.8898
2019-01-04,SML Index,,0.0354628973881767,867.6038
2019-01-07,SML Index,,0.0141075915066302,879.8436
2019-01-08,SML Index,,0.0149109455362292,892.9629
2019-01-09,SML Index,,0.0103764669282453,902.2287
2019-01-10,SML Index,,0.0031059752366555,905.031
2019-01-11,SML Index,,0.0029108395182044,907.6654
2019-01-14,SML Index,,-0.0087686497689566,899.7064
2019-01-15,SML Index,,0.0063900845875943,905.4556
2019-01-16,SML Index,,0.0078747097041533,912.5858
2019-01-17,SML Index,,0.0091670284591323,920.9515
2019-01-18,SML Index,,0.0099985721289341,930.1597
2019-01-22,SML Index,,-0.016564574878916,914.752
2019-01-23,SML Index,,-0.001958344994053,912.9606
2019-01-24,SML Index,,0.0060918291545111,918.5222
2019-01-25,SML Index,,0.0113258013796508,928.9252
2019-01-28,SML Index,,-0.0063970705068611,922.9828
2019-01-29,SML Index,,2.8061194639716905e-05,923.0087
2019-01-30,SML Index,,0.0100911291518703,932.3229
2019-01-31,SML Index,,0.0085099271936792,940.2569
2019-02-01,SML Index,,-0.0005311314386524,939.7575
2019-02-04,SML Index,,0.0120594940716087,951.0905
2019-02-05,SML Index,,0.0011765441879612,952.2095
2019-02-06,SML Index,,-0.0016125653020685,950.674
2019-02-07,SML Index,,-0.0092651108581911,941.8659
2019-02-08,SML Index,,-0.0009021454115707,941.0162
2019-02-11,SML Index,,0.0092661529100137,949.7358
2019-02-12,SML Index,,0.012829041508175,961.92
2019-02-13,SML Index,,0.0040415003326679,965.8076
2019-02-14,SML Index,,0.0022731235496593,968.003
2019-02-15,SML Index,,0.0146594587000246,982.1934
2019-02-19,SML Index,,0.0057755427800674,987.8661
2019-02-20,SML Index,,0.0071656472471319,994.9448
2019-02-21,SML Index,,-0.0049233887146301,990.0463
2019-02-22,SML Index,,0.0044375702429271,994.4397
2019-02-25,SML Index,,-0.0027772423003626,991.6779
2019-02-26,SML Index,,-0.0088074968696992,982.9437
2019-02-27,SML Index,,0.001130380102136,984.0548
2019-02-28,SML Index,,-0.0030365178849796,981.0667
2019-03-01,SML Index,,0.0053229816076725,986.2889
2019-03-04,SML Index,,-0.0098725637082603,976.5517
2019-03-05,SML Index,,-0.0043993574533739,972.2555
2019-03-06,SML Index,,-0.0197283532980785,953.0745
2019-03-07,SML Index,,-0.0104766206629176,943.0895
2019-03-08,SML Index,,-0.001540468852638,941.6367
2019-03-11,SML Index,,0.0161697181089055,956.8627
2019-03-12,SML Index,,-0.0012131312047172,955.7019
2019-03-13,SML Index,,0.0037416478925069,959.2778
2019-03-14,SML Index,,-0.0045802164920317,954.8841
2019-03-15,SML Index,,0.0005663514556373,955.4249
2019-03-18,SML Index,,0.0082037845151408,963.263
2019-03-19,SML Index,,-0.0077086943025944,955.8375
2019-03-20,SML Index,,-0.0076369675807864,948.5378
2019-03-21,SML Index,,0.0126756150361113,960.5611
2019-03-22,SML Index,,-0.0357247446310285,926.2453
2019-03-25,SML Index,,0.0046276078269977,930.5316
2019-03-26,SML Index,,0.0091195183484364,939.0176
2019-03-27,SML Index,,-0.0006173473212855,938.4379
2019-03-28,SML Index,,0.0097969189010802,947.6317
2019-03-29,SML Index,,0.0007973561880634,948.3873
2019-04-01,SML Index,,0.0126183680443634,960.3544
2019-04-02,SML Index,,-0.0048005194748939,955.7442
2019-04-03,SML Index,,0.0041322772348499,959.6936
2019-04-04,SML Index,,0.0076505668059057,967.0358
2019-04-05,SML Index,,0.0089075295868055,975.6497
2019-04-08,SML Index,,-0.0012856048641228,974.3954
2019-04-09,SML Index,,-0.0123245655716355,962.3864
2019-04-10,SML Index,,0.0152329667169028,977.0464
2019-04-11,SML Index,,-0.0016915266255522,975.3937
2019-04-12,SML Index,,0.0044152427886299,979.7003
2019-04-15,SML Index,,-0.0039326312342662,975.8475
2019-04-16,SML Index,,0.0041850801482814,979.9315
2019-04-17,SML Index,,-0.0056931530418197,974.3526
2019-04-18,SML Index,,-0.0019493969636864,972.4532
2019-04-22,SML Index,,-0.0056198077192815,966.9882
2019-04-23,SML Index,,0.0150286218590878,981.5207
2019-04-24,SML Index,,0.0023079492872639,983.786
2019-04-25,SML Index,,-0.0100290103742074,973.9196
2019-04-26,SML Index,,0.0091773489310618,982.8576
2019-04-29,SML Index,,0.0042397800047535,987.0247
2019-04-30,SML Index,,-0.0019176825058178,985.1319
2019-05-01,SML Index,,-0.0084571416274307,976.8005
2019-05-02,SML Index,,0.002466624454021,979.2099
2019-05-03,SML Index,,0.0208289356551645,999.6058
2019-05-06,SML Index,,0.0001091430241799,999.7149
2019-05-07,SML Index,,-0.0184137497600564,981.3064
2019-05-08,SML Index,,-0.0075754117164629,973.8726
2019-05-09,SML Index,,-0.0012040589292685,972.7
2019-05-10,SML Index,,0.0019996915801376,974.6451
2019-05-13,SML Index,,-0.0306986614922704,944.7248
2019-05-14,SML Index,,0.0109843628536057,955.102
2019-05-15,SML Index,,0.0013927308287491,956.4322
2019-05-16,SML Index,,0.0036072603996393,959.8823
2019-05-17,SML Index,,-0.0155656584145784,944.9411
2019-05-20,SML Index,,-0.0067518494009838,938.561
2019-05-21,SML Index,,0.012286468327578,950.0926
2019-05-22,SML Index,,-0.0099179806263094,940.6696
2019-05-23,SML Index,,-0.0222597817554643,919.7305
2019-05-24,SML Index,,0.0089157639112762,927.9306
2019-05-28,SML Index,,-0.0062530538382935,922.1282
2019-05-29,SML Index,,-0.0084231238129361,914.361
2019-05-30,SML Index,,-0.0029264152779919,911.6852
2019-05-31,SML Index,,-0.0137665939953834,899.1344
2019-06-03,SML Index,,0.0065474082628802,905.0214
2019-06-04,SML Index,,0.0272702943819891,929.7016
2019-06-05,SML Index,,-0.0029056634946095,927.0002
2019-06-06,SML Index,,-0.0029396973161386,924.2751
2019-06-07,SML Index,,0.0071995880880053,930.9295
2019-06-10,SML Index,,0.0073110799475148,937.7356
2019-06-11,SML Index,,-0.0027523749764859,935.1546
2019-06-12,SML Index,,-0.0023456014652549,932.9611
2019-06-13,SML Index,,0.0115915872591043,943.7756
2019-06-14,SML Index,,-0.0092213657568599,935.0727
2019-06-17,SML Index,,0.0005322580800399,935.5704
2019-06-18,SML Index,,0.0130491516191619,947.7788
2019-06-19,SML Index,,0.0023467501066705,950.003
2019-06-20,SML Index,,0.0074796605905453,957.1087
2019-06-21,SML Index,,-0.0084841982943003,948.9884
2019-06-24,SML Index,,-0.0111384923145529,938.4181
2019-06-25,SML Index,,-0.0047332846627744,933.9763
2019-06-26,SML Index,,0.0004917683671417,934.4356
2019-06-27,SML Index,,0.0198101399390178,952.9469
2019-06-28,SML Index,,0.0137839789394351,966.0823
2019-07-01,SML Index,,0.0016702510748825,967.6959
2019-07-02,SML Index,,-0.0066135446063169,961.296
2019-07-03,SML Index,,0.0068900734009087,967.9194
2019-07-05,SML Index,,0.0036976219300903,971.4984
2019-07-08,SML Index,,-0.0101355802541722,961.6517
2019-07-09,SML Index,,-0.0017925408960437,959.9279
2019-07-10,SML Index,,0.0019975458573504,961.8454
2019-07-11,SML Index,,-0.0046224684341162,957.3993
2019-07-12,SML Index,,0.008745567288382,965.7723
2019-07-15,SML Index,,-0.0058396787731433,960.1325
2019-07-16,SML Index,,0.0013597081652791,961.438
2019-07-17,SML Index,,-0.0077402807045279,953.9962
2019-07-18,SML Index,,0.001933969967595,955.8412
2019-07-19,SML Index,,-0.0023490303619471,953.5959
2019-07-22,SML Index,,-0.0023183824510991,951.3851
2019-07-23,SML Index,,0.009240632421088,960.1765
2019-07-24,SML Index,,0.0168255523854208,976.332
2019-07-25,SML Index,,-0.0100918540004834,966.479
2019-07-26,SML Index,,0.0099113379597486,976.0581
2019-07-29,SML Index,,-0.0054249844348404,970.763
2019-07-30,SML Index,,0.0109269718767608,981.3705
2019-07-31,SML Index,,-0.0043800990553516,977.072
2019-08-01,SML Index,,-0.0156842075097843,961.7474
2019-08-02,SML Index,,-0.010608190882554,951.545
2019-08-05,SML Index,,-0.0281654572300836,924.7443
2019-08-06,SML Index,,0.0111613556309566,935.0657
2019-08-07,SML Index,,0.0010003575149852,936.0011
2019-08-08,SML Index,,0.0214102312486599,956.0411
2019-08-09,SML Index,,-0.0122722757421203,944.3083
2019-08-12,SML Index,,-0.0109791473822691,933.9406
2019-08-13,SML Index,,0.0102009699546201,943.4677
2019-08-14,SML Index,,-0.0290476292935095,916.0622
2019-08-15,SML Index,,-0.003548994817164,912.8111
2019-08-16,SML Index,,0.0224061692501329,933.2637
2019-08-19,SML Index,,0.0106235783091104,943.1783
2019-08-20,SML Index,,-0.009123619574369,934.5731
2019-08-21,SML Index,,0.0079619240057304,942.0141
2019-08-22,SML Index,,-0.0028522927629215,939.3272
2019-08-23,SML Index,,-0.0311449514077735,910.0719
2019-08-26,SML Index,,0.0105104882372479,919.6372
2019-08-27,SML Index,,-0.011800305598773,908.7852
2019-08-28,SML Index,,0.0120734800698778,919.7574
2019-08-29,SML Index,,0.0156418420770521,934.1441
2019-08-30,SML Index,,-0.0012335355969169,932.9918
2019-09-03,SML Index,,-0.0138852238572728,920.037
2019-09-04,SML Index,,0.0093964699245789,928.6821
2019-09-05,SML Index,,0.019713312014951,946.9895
2019-09-06,SML Index,,-0.00244839039926,944.6709
2019-09-09,SML Index,,0.0143572751103056,958.2338
2019-09-10,SML Index,,0.012227809121323,969.9509
2019-09-11,SML Index,,0.0211079756717582,990.4246
2019-09-12,SML Index,,-0.0004700004422345,989.9591
2019-09-13,SML Index,,0.0018556322175329,991.7961
2019-09-16,SML Index,,0.0034110841936159,995.1792
2019-09-17,SML Index,,-0.002642338183917,992.5496
2019-09-18,SML Index,,-0.0063239157015428,986.2728
2019-09-19,SML Index,,-0.0050354222482865,981.3065
2019-09-20,SML Index,,-0.0033190445594725,978.0495
2019-09-23,SML Index,,0.0003429274285198,978.3849
2019-09-24,SML Index,,-0.0128409586043284,965.8215
2019-09-25,SML Index,,0.0133726573699177,978.7371
2019-09-26,SML Index,,-0.0104347735464407,968.5242
2019-09-27,SML Index,,-0.0060524042662021,962.6623
2019-09-30,SML Index,,0.0015211980359053,964.1267
2019-10-01,SML Index,,-0.0194300188968939,945.3937
2019-10-02,SML Index,,-0.0108543139223372,935.1321
2019-10-03,SML Index,,0.0021881400499459,937.1783
2019-10-04,SML Index,,0.0101877092117903,946.726
2019-10-07,SML Index,,-0.0018463631504785,944.978
2019-10-08,SML Index,,-0.0172669628287641,928.6611
2019-10-09,SML Index,,0.0039131605706324,932.2951
2019-10-10,SML Index,,0.0025676419408402,934.6889
2019-10-11,SML Index,,0.0188165281517733,952.2765
2019-10-14,SML Index,,-0.0036660570748097,948.7854
2019-10-15,SML Index,,0.0108919256135264,959.1195
2019-10-16,SML Index,,0.002923514744513,961.9235
2019-10-17,SML Index,,0.0109878800133276,972.493
2019-10-18,SML Index,,-0.0052628656453054,967.3749
2019-10-21,SML Index,,0.0089228074865288,976.0066
2019-10-22,SML Index,,0.0026801048271598,978.6224
2019-10-23,SML Index,,0.0025066869509628,981.0755
2019-10-24,SML Index,,-0.0022967651317356,978.8222
2019-10-25,SML Index,,0.0068718302465964,985.5485
2019-10-28,SML Index,,0.0087059135090763,994.1286
2019-10-29,SML Index,,0.0039117675520048,998.0174
2019-10-30,SML Index,,-0.0045010237296463,993.5253
2019-10-31,SML Index,,-0.0106907191996016,982.9038
2019-11-01,SML Index,,0.0156616547824923,998.2977
2019-11-04,SML Index,,0.0085575675472355,1006.8407
2019-11-05,SML Index,,0.0014381619654428,1008.2887
2019-11-06,SML Index,,-0.0056263647504926,1002.6157
2019-11-07,SML Index,,0.003115550654154,1005.7394
2019-11-08,SML Index,,0.0010648881807751,1006.8104
2019-11-11,SML Index,,-0.0029739462365505,1003.8162
2019-11-12,SML Index,,-6.694452629874004e-05,1003.749
2019-11-13,SML Index,,-0.0058976895618326,997.8292
2019-11-14,SML Index,,-0.0015665005594143,996.2661
2019-11-15,SML Index,,0.0049637340867063,1001.2113
2019-11-18,SML Index,,-0.0040771613344756,997.1292
2019-11-19,SML Index,,0.0015919702281308,998.7166
2019-11-20,SML Index,,-0.0062495206347826,992.4751
2019-11-21,SML Index,,-0.0046076722730877,987.9021
2019-11-22,SML Index,,0.0027919770592652,990.6603
2019-11-25,SML Index,,0.0244204799566511,1014.8527
2019-11-26,SML Index,,-0.0002498884813529,1014.5991
2019-11-27,SML Index,,0.0046177845022727,1019.2843
2019-11-29,SML Index,,-0.0062796022660214,1012.8836
2019-12-02,SML Index,,-0.011968008959766,1000.7614
2019-12-03,SML Index,,-0.0041201629079618,996.6381
2019-12-04,SML Index,,0.0079589572182721,1004.5703
2019-12-05,SML Index,,0.0028604269905252,1007.4438
2019-12-06,SML Index,,0.0143049170584006,1021.8552
2019-12-09,SML Index,,-0.0029398490118756,1018.8511
2019-12-10,SML Index,,-0.0001838345171339,1018.6638
2019-12-11,SML Index,,0.0001960411276027,1018.8635
2019-12-12,SML Index,,0.0106912260572686,1029.7564
2019-12-13,SML Index,,-0.0065026058590167,1023.0603
2019-12-16,SML Index,,0.0052132801947255,1028.3938
2019-12-17,SML Index,,0.0077461571627521,1036.3599
2019-12-18,SML Index,,0.0037558381021884,1040.2523
2019-12-19,SML Index,,0.0030862705134129,1043.4628
2019-12-20,SML Index,,0.0004921114581182,1043.9763
2019-12-23,SML Index,,-0.0002016329297898,1043.7658
2019-12-24,SML Index,,0.0020129036609555,1045.8668
2019-12-26,SML Index,,-0.0008261090226786,1045.0028
2019-12-27,SML Index,,-0.0046704181079705,1040.1222
2019-12-30,SML Index,,-0.0002914080672444,1039.8191
2019-12-31,SML Index,,0.0032023839531318,1043.149
2020-01-02,SML Index,,-0.0002217324658317,1042.9177
2020-01-03,SML Index,,0.0001162124298015,1043.0389
2020-01-06,SML Index,,-0.001140705298719,1041.8491
2020-01-07,SML Index,,-0.0055601142238352,1036.0563
2020-01-08,SML Index,,0.0024332654509218,1038.5773
2020-01-09,SML Index,,-0.0006708215170887,1037.8806
2020-01-10,SML Index,,-0.0047630719757165,1032.9371
2020-01-13,SML Index,,0.0093882773694544,1042.6346
2020-01-14,SML Index,,0.0033296420433388,1046.1062
2020-01-15,SML Index,,0.0038407190398068,1050.124
2020-01-16,SML Index,,0.0131047381071187,1063.8856
2020-01-17,SML Index,,-0.0016810078076064,1062.0972
2020-01-21,SML Index,,-0.0091986872764564,1052.3273
2020-01-22,SML Index,,-0.0001845433450219,1052.1331
2020-01-23,SML Index,,0.0019215249477466,1054.1548
2020-01-24,SML Index,,-0.0149561525498912,1038.3887
2020-01-27,SML Index,,-0.0118491274028693,1026.0847
2020-01-28,SML Index,,0.0082675436053183,1034.5679
2020-01-29,SML Index,,-0.007705052515161,1026.5965
2020-01-30,SML Index,,-0.0012780094223973,1025.2845
2020-01-31,SML Index,,-0.0230481393213298,1001.6536
2020-02-03,SML Index,,0.0091801197539747,1010.8489
2020-02-04,SML Index,,0.0124606160228299,1023.4447
2020-02-05,SML Index,,0.019133031809144,1043.0263
2020-02-06,SML Index,,-0.0033962710240384,1039.4839
2020-02-07,SML Index,,-0.0143400008408017,1024.5777
2020-02-10,SML Index,,0.0035454607298206,1028.2103
2020-02-11,SML Index,,0.0073835089961655,1035.8021
2020-02-12,SML Index,,0.0066787854552523,1042.72
2020-02-13,SML Index,,0.0038513694951662,1046.7359
2020-02-14,SML Index,,-0.0050351764948539,1041.4654
2020-02-18,SML Index,,-0.0054937014710235,1035.7439
2020-02-19,SML Index,,0.0036385442385904,1039.5125
2020-02-20,SML Index,,0.0046314017387958,1044.3269
2020-02-21,SML Index,,-0.0110990150689407,1032.7359
2020-02-24,SML Index,,-0.0292817360178918,1002.4956
2020-02-25,SML Index,,-0.0337864824543867,968.6248
2020-02-26,SML Index,,-0.0125459310973661,956.4725
2020-02-27,SML Index,,-0.0375130492512852,920.5923
2020-02-28,SML Index,,-0.0165221890298234,905.3821
2020-03-02,SML Index,,0.0261353742248713,929.0446
2020-03-03,SML Index,,-0.0211644306419734,909.3819
2020-03-04,SML Index,,0.0314128750528244,937.9482
2020-03-05,SML Index,,-0.0356737184420206,904.4881
2020-03-06,SML Index,,-0.0185223000722729,887.7349
2020-03-09,SML Index,,-0.0964302518691109,802.1304
2020-03-10,SML Index,,0.0287162785502206,825.1646
2020-03-11,SML Index,,-0.0601196415842365,775.556
2020-03-12,SML Index,,-0.1136685165223401,687.3997
2020-03-13,SML Index,,0.0818148451330424,743.6392
2020-03-16,SML Index,,-0.1328972437171144,644.8116
2020-03-17,SML Index,,0.064751316508574,686.564
2020-03-18,SML Index,,-0.1032818499076559,615.6544
2020-03-19,SML Index,,0.0573238817102581,650.9461
2020-03-20,SML Index,,-0.0481589796758901,619.5972
2020-03-23,SML Index,,-0.0147537787452881,610.4558
2020-03-24,SML Index,,0.0901054589046415,665.4612
2020-03-25,SML Index,,0.0094011491579073,671.7173
2020-03-26,SML Index,,0.069249965722187,718.2337
2020-03-27,SML Index,,-0.043885715749623,686.7135
2020-03-30,SML Index,,0.0238045414863694,703.0604
2020-03-31,SML Index,,-0.0006436146880125,702.6079
2020-04-01,SML Index,,-0.0717279153849536,652.2113
2020-04-02,SML Index,,0.0152292669568894,662.144
2020-04-03,SML Index,,-0.0355484607577807,638.6058
2020-04-06,SML Index,,0.0840997685896369,692.3124
2020-04-07,SML Index,,0.00452079148084,695.4422
2020-04-08,SML Index,,0.0435238183705275,725.7105
2020-04-09,SML Index,,0.0512833974429196,762.9274
2020-04-13,SML Index,,-0.0334755312235476,737.388
2020-04-14,SML Index,,0.0178435233554112,750.5456
2020-04-15,SML Index,,-0.0483063254251308,714.2895
2020-04-16,SML Index,,-0.0061441474360185,709.9008
2020-04-17,SML Index,,0.0450667191810461,741.8937
2020-04-20,SML Index,,-0.0200116270026284,727.0472
2020-04-21,SML Index,,-0.0218022983927315,711.1959
2020-04-22,SML Index,,0.0087798593889532,717.4401
2020-04-23,SML Index,,0.0125444619000247,726.44
2020-04-24,SML Index,,0.0108128682341279,734.2949
2020-04-27,SML Index,,0.0429286653087199,765.8172
2020-04-28,SML Index,,0.0204333357882273,781.4654
2020-04-29,SML Index,,0.0551252812984426,824.5439
2020-04-30,SML Index,,-0.0396656866905449,791.8378
2020-05-01,SML Index,,-0.0402750411763621,759.9465
2020-05-04,SML Index,,-0.0054007749229715,755.8422
2020-05-05,SML Index,,0.0037056676644939,758.6431
2020-05-06,SML Index,,-0.0125007398076908,749.1595
2020-05-07,SML Index,,0.0152797902182379,760.6065
2020-05-08,SML Index,,0.0411421674676721,791.8995
2020-05-11,SML Index,,-0.0183039640762495,777.4046
2020-05-12,SML Index,,-0.036966722347668,748.6665
2020-05-13,SML Index,,-0.0385361172164109,719.8158
2020-05-14,SML Index,,0.0038601542227887,722.5944
2020-05-15,SML Index,,0.0131584191629496,732.1026
2020-05-18,SML Index,,0.0720974082048062,784.8853
2020-05-19,SML Index,,-0.0208306869806327,768.5356
2020-05-20,SML Index,,0.0315778475323718,792.8043
2020-05-21,SML Index,,0.000329211130666,793.0653
2020-05-22,SML Index,,0.005096806025935,797.1074
2020-05-26,SML Index,,0.040151678431288,829.1126
2020-05-27,SML Index,,0.0390939662477689,861.5259
2020-05-28,SML Index,,-0.0315057272218978,834.3829
2020-05-29,SML Index,,-0.0101091477306162,825.948
2020-06-01,SML Index,,0.009832217040298,834.0689
2020-06-02,SML Index,,0.0114437788053241,843.6138
2020-06-03,SML Index,,0.035382304082745,873.4628
2020-06-04,SML Index,,0.0144324406259772,886.069
2020-06-05,SML Index,,0.0439890121423951,925.0463
2020-06-08,SML Index,,0.0205485930812328,944.0547
2020-06-09,SML Index,,-0.0250626367306895,920.3942
2020-06-10,SML Index,,-0.0353795145601743,887.8311
2020-06-11,SML Index,,-0.0820032098447552,815.0261
2020-06-12,SML Index,,0.0257546353423527,836.0168
2020-06-15,SML Index,,0.0207641760309122,853.376
2020-06-16,SML Index,,0.0251719054672265,874.8571
2020-06-17,SML Index,,-0.0211148769324727,856.3846
2020-06-18,SML Index,,-0.0034324531291197,853.4451
2020-06-19,SML Index,,-0.0126264712282021,842.6691
2020-06-22,SML Index,,0.0077887037747081,849.2324
2020-06-23,SML Index,,0.0035993680881698,852.2891
2020-06-24,SML Index,,-0.0359984657788067,821.608
2020-06-25,SML Index,,0.0173367347932347,835.852
2020-06-26,SML Index,,-0.0286664385561079,811.8911
2020-06-29,SML Index,,0.0404910215175409,844.7654
2020-06-30,SML Index,,0.0142335375004705,856.7894
2020-07-01,SML Index,,-0.014423381054901,844.4316
2020-07-02,SML Index,,0.0050536952904178,848.6991
2020-07-06,SML Index,,0.0096428757848334,856.883
2020-07-07,SML Index,,-0.0199765895694045,839.7654
2020-07-08,SML Index,,0.0041454434774281,843.2466
2020-07-09,SML Index,,-0.0228062585725218,824.0153
2020-07-10,SML Index,,0.0220055380039665,842.1482
2020-07-13,SML Index,,-0.0096573263470728,834.0153
2020-07-14,SML Index,,0.0168195955158136,848.0431
2020-07-15,SML Index,,0.0365881168067991,879.0714
2020-07-16,SML Index,,-0.0067220933362182,873.1622
2020-07-17,SML Index,,-0.0001465936111296,873.0342
2020-07-20,SML Index,,-0.0062679102376517,867.5621
2020-07-21,SML Index,,0.0208117666735327,885.6176
2020-07-22,SML Index,,0.0014772741643795,886.9259
2020-07-23,SML Index,,0.0064082016321769,892.6095
2020-07-24,SML Index,,-0.016721869977857,877.6834
2020-07-27,SML Index,,0.0120246093295144,888.2372
2020-07-28,SML Index,,-0.0074360767596763,881.6322
2020-07-29,SML Index,,0.0257537099938045,904.3375
2020-07-30,SML Index,,-0.0067849668956556,898.2016
2020-07-31,SML Index,,-0.0069140380066122,891.9914
2020-08-03,SML Index,,0.0125153673006264,903.155
2020-08-04,SML Index,,0.0057078795998473,908.3101
2020-08-05,SML Index,,0.0221739249624108,928.4509
2020-08-06,SML Index,,-0.0050299913544162,923.7808
2020-08-07,SML Index,,0.0175722422462125,940.0137
2020-08-10,SML Index,,0.0096762419526439,949.1095
2020-08-11,SML Index,,-0.0007299473875248,948.4167
2020-08-12,SML Index,,0.0048051663366956,952.974
2020-08-13,SML Index,,-0.0070414303013514,946.2637
2020-08-14,SML Index,,0.0004460701599353,946.6858
2020-08-17,SML Index,,0.0013066637315148,947.9228
2020-08-18,SML Index,,-0.0130002147854234,935.5996
2020-08-19,SML Index,,0.0015042759744658,937.007
2020-08-20,SML Index,,-0.0083252312949636,929.2062
2020-08-21,SML Index,,-0.0065749668910947,923.0967
2020-08-24,SML Index,,0.016767257428176,938.5745
2020-08-25,SML Index,,0.0006815655017262,939.2142
2020-08-26,SML Index,,-0.0087204814407617,931.0238
2020-08-27,SML Index,,0.0034415876371796,934.228
2020-08-28,SML Index,,0.007315344862282,941.0622
2020-08-31,SML Index,,-0.0143408161543413,927.5666
2020-09-01,SML Index,,0.0117594790498061,938.4743
2020-09-02,SML Index,,0.0119572800235447,949.6959
2020-09-03,SML Index,,-0.0260438104450067,924.9622
2020-09-04,SML Index,,-0.004848090008435,920.4779
2020-09-08,SML Index,,-0.0238951961801581,898.4829
2020-09-09,SML Index,,0.0101582345084141,907.6099
2020-09-10,SML Index,,-0.0133063775527348,895.5329
2020-09-11,SML Index,,-0.0064414160551778,889.7644
2020-09-14,SML Index,,0.0177842583946941,905.5882
2020-09-15,SML Index,,-0.0003353621436322,905.2845
2020-09-16,SML Index,,0.0069243425685516,911.553
2020-09-17,SML Index,,-0.0077919769887214,904.4502
2020-09-18,SML Index,,-0.0060019888325526,899.0217
2020-09-21,SML Index,,-0.0344431063232399,868.0566
2020-09-22,SML Index,,0.0067220271120569,873.8917
2020-09-23,SML Index,,-0.0277584739619337,849.6338
2020-09-24,SML Index,,0.0051831742098773,854.0376
2020-09-25,SML Index,,0.0098565917940849,862.4555
2020-09-28,SML Index,,0.0277319815341197,886.3731
2020-09-29,SML Index,,-0.005062540819436,881.8858
2020-09-30,SML Index,,0.0023283060006182,883.9391
2020-10-01,SML Index,,0.0143022296445536,896.5814
2020-10-02,SML Index,,0.0105119289782278,906.0062
2020-10-05,SML Index,,0.0226582334646274,926.5347
2020-10-06,SML Index,,-0.0012109638203513,925.4127
2020-10-07,SML Index,,0.0148224678567734,939.1296
2020-10-08,SML Index,,0.0150766198829213,953.2885
2020-10-09,SML Index,,0.0044682171241969,957.548
2020-10-12,SML Index,,0.0071151524518875,964.3611
2020-10-13,SML Index,,-0.0112538757525578,953.5083
2020-10-14,SML Index,,-0.0051877891361826,948.5617
2020-10-15,SML Index,,0.0133624412623871,961.2368
2020-10-16,SML Index,,-0.0063040657619434,955.1771
2020-10-19,SML Index,,-0.0114970302365917,944.1954
2020-10-20,SML Index,,0.0067525217767423,950.5711
2020-10-21,SML Index,,-0.0045366411833897,946.2587
2020-10-22,SML Index,,0.0151657258210677,960.6094
2020-10-23,SML Index,,0.0052460448544433,965.6488
2020-10-26,SML Index,,-0.0211494075278714,945.2259
2020-10-27,SML Index,,-0.0132280547962132,932.7224
2020-10-28,SML Index,,-0.0299710825000021,904.7677
2020-10-29,SML Index,,0.0158595405207324,919.1169
2020-10-30,SML Index,,-0.0135444142088998,906.668
2020-11-02,SML Index,,0.0214795272359893,926.1428
2020-11-03,SML Index,,0.0262776971326668,950.4797
2020-11-04,SML Index,,-0.0101131039410942,940.8674
2020-11-05,SML Index,,0.0280350876223365,967.2447
2020-11-06,SML Index,,-0.0103646988192335,957.2195
2020-11-09,SML Index,,0.0489599302981185,1004.0849
2020-11-10,SML Index,,0.0264315298437411,1030.6244
2020-11-11,SML Index,,-0.0065863955869858,1023.8363
2020-11-12,SML Index,,-0.021024454788329,1002.3107
2020-11-13,SML Index,,0.0266996052222128,1029.072
2020-11-16,SML Index,,0.0294311768272774,1059.3588
2020-11-17,SML Index,,0.0049628133546442,1064.6162
2020-11-18,SML Index,,-0.0128590002669505,1050.9263
2020-11-19,SML Index,,0.006496839978217,1057.754
2020-11-20,SML Index,,-0.0015012942517824,1056.166
2020-11-23,SML Index,,0.0223637193395735,1079.7858
2020-11-24,SML Index,,0.0253549361364078,1107.1637
2020-11-25,SML Index,,-0.0086998878304987,1097.5315
2020-11-27,SML Index,,-0.0003019503312661,1097.2001
2020-11-30,SML Index,,-0.0235927794756853,1071.3141
2020-12-01,SML Index,,0.0118489059371102,1084.008
2020-12-02,SML Index,,0.0047717360019481,1089.1806
2020-12-03,SML Index,,0.0070670557297844,1096.8779
2020-12-04,SML Index,,0.0249484468599467,1124.2433
2020-12-07,SML Index,,-0.0040438755561186,1119.697
2020-12-08,SML Index,,0.0090098482000042,1129.7853
2020-12-09,SML Index,,-0.000779174591845,1128.905
2020-12-10,SML Index,,0.0049566615437084,1134.5006
2020-12-11,SML Index,,-0.0078361351241242,1125.6105
2020-12-14,SML Index,,-0.0030827715270957,1122.1405
2020-12-15,SML Index,,0.0264608576198792,1151.8333
2020-12-16,SML Index,,-0.0053960065228189,1145.618
2020-12-17,SML Index,,0.0101728499377629,1157.2722
2020-12-18,SML Index,,-0.0076569712812595,1148.411
2020-12-21,SML Index,,-0.0031838775490656,1144.7546
2020-12-22,SML Index,,0.0044912682595903,1149.896
2020-12-23,SML Index,,0.011103786777239,1162.6642
2020-12-24,SML Index,,-0.0001539567486465,1162.4852
2020-12-28,SML Index,,0.0030584475398052,1166.0406
2020-12-29,SML Index,,-0.0156094907844546,1147.8393
2020-12-30,SML Index,,0.0100305852918607,1159.3528
2020-12-31,SML Index,,0.0008898067956535,1160.3844
2021-01-04,SML Index,,-0.0107181723573669,1147.9472
2021-01-05,SML Index,,0.021809539672208,1172.9834
2021-01-06,SML Index,,0.0477686214485217,1229.0152
2021-01-07,SML Index,,0.0125140844474502,1244.3952
2021-01-08,SML Index,,-0.0078828655076778,1234.5858
2021-01-11,SML Index,,0.0041829413557161,1239.75
2021-01-12,SML Index,,0.0169384956644484,1260.7495
2021-01-13,SML Index,,-0.0084514806470277,1250.0943
2021-01-14,SML Index,,0.0229036321499906,1278.726
2021-01-15,SML Index,,-0.0168639724225519,1257.1616
2021-01-19,SML Index,,0.0102262111728514,1270.0176
2021-01-20,SML Index,,0.0045182838411059,1275.7559
2021-01-21,SML Index,,-0.0110491356536152,1261.6599
2021-01-22,SML Index,,0.0128196196138119,1277.8339
2021-01-25,SML Index,,0.0009314199599808,1279.0241
2021-01-26,SML Index,,0.0003163349306709,1279.4287
2021-01-27,SML Index,,-0.0031867348293812,1275.3515
2021-01-28,SML Index,,-0.0182454797755755,1252.0821
2021-01-29,SML Index,,-0.0149619581655228,1233.3485
2021-02-01,SML Index,,0.0181325067489033,1255.7122
2021-02-02,SML Index,,0.0015120502930527,1257.6109
2021-02-03,SML Index,,0.0046125554414329,1263.4117
2021-02-04,SML Index,,0.0170983852690296,1285.014
2021-02-05,SML Index,,0.0117425179803489,1300.1033
2021-02-08,SML Index,,0.0275678094194515,1335.9443
2021-02-09,SML Index,,0.0063676307462818,1344.4511
2021-02-10,SML Index,,-0.003408974859703,1339.8679
2021-02-11,SML Index,,0.0038794869255394,1345.0659
2021-02-12,SML Index,,0.0016622977357465,1347.3018
2021-02-16,SML Index,,-0.0030926997945077,1343.135
2021-02-17,SML Index,,-0.0054266324680691,1335.8463
2021-02-18,SML Index,,-0.0152573690551075,1315.4648
2021-02-19,SML Index,,0.017143674235905,1338.0167
2021-02-22,SML Index,,0.0060057546366947,1346.0525
2021-02-23,SML Index,,-0.0061549605234566,1337.7676
2021-02-24,SML Index,,0.0273582646193555,1374.3666
2021-02-25,SML Index,,-0.0301843045370864,1332.8823
2021-02-26,SML Index,,-0.0038905910897009,1327.6966
2021-03-01,SML Index,,0.0305275316664968,1368.2279
2021-03-02,SML Index,,-0.0173488641767939,1344.4907
2021-03-03,SML Index,,0.0021762143836323,1347.4166
2021-03-04,SML Index,,-0.0193690652170975,1321.3184
2021-03-05,SML Index,,0.0234741300809857,1352.3352
2021-03-08,SML Index,,0.0197615206644035,1379.0594
2021-03-09,SML Index,,0.0091999662958679,1391.7467
2021-03-10,SML Index,,0.0201699059175064,1419.8181
2021-03-11,SML Index,,0.0137662000505558,1439.3636
2021-03-12,SML Index,,0.0088275123811663,1452.0696
2021-03-15,SML Index,,-0.0006638800233818,1451.1056
2021-03-16,SML Index,,-0.0164901162258626,1427.1767
2021-03-17,SML Index,,0.0057869498570148,1435.4357
2021-03-18,SML Index,,-0.0221782835692325,1403.6002
2021-03-19,SML Index,,0.0032615412850467,1408.1781
2021-03-22,SML Index,,-0.0142075068487431,1388.1714
2021-03-23,SML Index,,-0.0348387814357794,1339.8092
2021-03-24,SML Index,,-0.0173211976750121,1316.6021
2021-03-25,SML Index,,0.0262233365722261,1351.1278
2021-03-26,SML Index,,0.0240698178218226,1383.6492
2021-03-29,SML Index,,-0.0258689847108645,1347.8556
2021-03-30,SML Index,,0.0153204838856624,1368.5054
2021-03-31,SML Index,,0.0024957153987117,1371.9208
2021-04-01,SML Index,,0.0158950137646429,1393.7275
2021-04-05,SML Index,,0.0042749389676246,1399.6856
2021-04-06,SML Index,,-0.0015059810574603,1397.5777
2021-04-07,SML Index,,-0.0138288554546913,1378.2508
2021-04-08,SML Index,,0.0051918707393459,1385.4065
2021-04-09,SML Index,,0.0018777160349687,1388.0079
2021-04-12,SML Index,,0.0006218984776671,1388.8711
2021-04-13,SML Index,,-0.0064515706317167,1379.9107
2021-04-14,SML Index,,0.0096056215811646,1393.1656
2021-04-15,SML Index,,0.0034152436723962,1397.9236
2021-04-16,SML Index,,0.003021123615053,1402.1469
2021-04-19,SML Index,,-0.0107941614391473,1387.0119
2021-04-20,SML Index,,-0.0222551082654733,1356.1438
2021-04-21,SML Index,,0.0219306389189699,1385.8849
2021-04-22,SML Index,,-0.0048131702712107,1379.2144
2021-04-23,SML Index,,0.0183178191875026,1404.4786
2021-04-26,SML Index,,0.0052927826739403,1411.9122
2021-04-27,SML Index,,0.0027200699873548,1415.7527
2021-04-28,SML Index,,0.0015871415961277,1417.9997
2021-04-29,SML Index,,0.0004267278758944,1418.6048
2021-04-30,SML Index,,-0.013201703532936,1399.8768
2021-05-03,SML Index,,0.0114707237094007,1415.9344
2021-05-04,SML Index,,-0.004785532437096,1409.1584
2021-05-05,SML Index,,-0.0003730595510057,1408.6327
2021-05-06,SML Index,,0.0058624934661817,1416.8908
2021-05-07,SML Index,,0.0093674120828506,1430.1634
2021-05-10,SML Index,,-0.021654938170002,1399.1933
2021-05-11,SML Index,,-0.0052138614443049,1391.8981
2021-05-12,SML Index,,-0.0321287168938588,1347.1782
2021-05-13,SML Index,,0.024259003003463,1379.8594
2021-05-14,SML Index,,0.0221310229143634,1410.3971
2021-05-17,SML Index,,0.0014835538161557,1412.4895
2021-05-18,SML Index,,-0.0110620999306543,1396.8644
2021-05-19,SML Index,,-0.0060947218641981,1388.3509
2021-05-20,SML Index,,0.0032509792733235,1392.8644
2021-05-21,SML Index,,0.0042947468540368,1398.8464
2021-05-24,SML Index,,0.0045998617146243,1405.2809
2021-05-25,SML Index,,-0.0114551475082312,1389.1832
2021-05-26,SML Index,,0.0213763022760424,1418.8788
2021-05-27,SML Index,,0.0099933130299783,1433.0581
2021-05-28,SML Index,,-0.0029150248688452,1428.8807
2021-06-01,SML Index,,0.0156866839897831,1451.2951
2021-06-02,SML Index,,-0.0007097109333586,1450.2651
2021-06-03,SML Index,,-0.0079814373248036,1438.6899
2021-06-04,SML Index,,0.0018615547380986,1441.3681
2021-06-07,SML Index,,0.0099649770242591,1455.7313
2021-06-08,SML Index,,0.0118562402278499,1472.9908
2021-06-09,SML Index,,-0.0085623752707756,1460.3785
2021-06-10,SML Index,,-0.013670428590944,1440.4145
2021-06-11,SML Index,,0.0098176601249153,1454.556
2021-06-14,SML Index,,-0.0062574421335446,1445.4542
2021-06-15,SML Index,,0.0023337992999017,1448.8276
2021-06-16,SML Index,,-0.0006255402644179,1447.9213
2021-06-17,SML Index,,-0.0182933975762356,1421.4339
2021-06-18,SML Index,,-0.0244683203348393,1386.6538
2021-06-21,SML Index,,0.0227500187862319,1418.2002
2021-06-22,SML Index,,0.0048200529093143,1425.036
2021-06-23,SML Index,,0.0011191296219883,1426.6308
2021-06-24,SML Index,,0.0136406700317979,1446.091
2021-06-25,SML Index,,0.0009627333272941,1447.4832
2021-06-28,SML Index,,-0.0099067125614997,1433.1434
2021-06-29,SML Index,,-0.0032250785231958,1428.5214
2021-06-30,SML Index,,0.0035991060406934,1433.6628
2021-07-01,SML Index,,0.0065152000874961,1443.0034
2021-07-02,SML Index,,-0.0101459220401004,1428.3628
2021-07-06,SML Index,,-0.0145444140662303,1407.5881
2021-07-07,SML Index,,-0.0064201310028124,1398.5512
2021-07-08,SML Index,,-0.0123758071924718,1381.243
2021-07-09,SML Index,,0.0266191394273129,1418.0105
2021-07-12,SML Index,,0.004126274100227,1423.8616
2021-07-13,SML Index,,-0.019176301966427,1396.5572
2021-07-14,SML Index,,-0.0116220087512348,1380.3264
2021-07-15,SML Index,,-0.0052925887674103,1373.0209
2021-07-16,SML Index,,-0.0141761134153164,1353.5568
2021-07-19,SML Index,,-0.0189235501605843,1327.9427
2021-07-20,SML Index,,0.0293664026316797,1366.9396
2021-07-21,SML Index,,0.0172653568599518,1390.5403
2021-07-22,SML Index,,-0.0178574472095485,1365.7088
2021-07-23,SML Index,,0.0072328010187823,1375.5867
2021-07-26,SML Index,,0.0086685194033933,1387.511
2021-07-27,SML Index,,-0.0084650860425611,1375.7656
2021-07-28,SML Index,,0.0080987633358473,1386.9076
2021-07-29,SML Index,,0.0115483540504068,1402.9241
2021-07-30,SML Index,,-0.0024780385482008,1399.4476
2021-08-02,SML Index,,-0.0046978536388214,1392.8732
2021-08-03,SML Index,,0.0076696141472174,1403.556
2021-08-04,SML Index,,-0.0173134524023267,1379.2556
2021-08-05,SML Index,,0.0141746025899769,1398.806
2021-08-06,SML Index,,0.0118860656874504,1415.4323
2021-08-09,SML Index,,-0.0086502900915853,1403.1884
2021-08-10,SML Index,,0.0094484104914209,1416.4463
2021-08-11,SML Index,,0.007134615692808,1426.5521
2021-08-12,SML Index,,-0.0052910089999517,1419.0042
2021-08-13,SML Index,,-0.0069273226957328,1409.1743
2021-08-16,SML Index,,-0.0050132194434712,1402.1098
2021-08-17,SML Index,,-0.0146269571755364,1381.6012
2021-08-18,SML Index,,-0.007925803770292,1370.6509
2021-08-19,SML Index,,-0.0092413757580431,1357.9842
2021-08-20,SML Index,,0.0157752939982658,1379.4068
2021-08-23,SML Index,,0.0122992724118802,1396.3725
2021-08-24,SML Index,,0.0069939074279965,1406.1386
2021-08-25,SML Index,,0.0039771328374029,1411.731
2021-08-26,SML Index,,-0.0118231447775816,1395.0399
2021-08-27,SML Index,,0.0293432467415448,1435.9749
2021-08-30,SML Index,,-0.0060844378268727,1427.2378
2021-08-31,SML Index,,0.0002456493234694,1427.5884
2021-09-01,SML Index,,0.0033817870753221,1432.4162
2021-09-02,SML Index,,0.0049110726337779,1439.4509
2021-09-03,SML Index,,-0.0059847821137908,1430.8361
2021-09-07,SML Index,,-0.0097350772740497,1416.9068
2021-09-08,SML Index,,-0.0087530104308907,1404.5046
2021-09-09,SML Index,,-0.0027065059096282,1400.7033
2021-09-10,SML Index,,-0.0102519213026769,1386.3434
2021-09-13,SML Index,,0.007815018991687,1397.1777
2021-09-14,SML Index,,-0.0132725422113451,1378.6336
2021-09-15,SML Index,,0.0108409515044463,1393.5793
2021-09-16,SML Index,,-0.0029554830500136,1389.4606
2021-09-17,SML Index,,0.0014591993468544,1391.4881
2021-09-20,SML Index,,-0.0194549274262568,1364.4168
2021-09-21,SML Index,,-0.0015104621989409,1362.3559
2021-09-22,SML Index,,0.0160340627584907,1384.2
2021-09-23,SML Index,,0.0174987718537784,1408.4218
2021-09-24,SML Index,,-0.0018848756814188,1405.7671
2021-09-27,SML Index,,0.0182889470097855,1431.4771
2021-09-28,SML Index,,-0.0144917442269946,1410.7325
2021-09-29,SML Index,,0.0038552312362549,1416.1712
2021-09-30,SML Index,,-0.0164833884490801,1392.8279
2021-10-01,SML Index,,0.0192864459421009,1419.6906
2021-10-04,SML Index,,-0.0041624562422263,1413.7812
2021-10-05,SML Index,,0.0034414801950968,1418.6467
2021-10-06,SML Index,,-0.0078450117284311,1407.5174
2021-10-07,SML Index,,0.0157106405931464,1429.6304
2021-10-08,SML Index,,-0.0058200357239186,1421.3099
2021-10-11,SML Index,,-0.0066684260765367,1411.832
2021-10-12,SML Index,,0.0034894378367962,1416.7585
2021-10-13,SML Index,,-0.0004954972918814,1416.0565
2021-10-14,SML Index,,0.0124519042848927,1433.6891
2021-10-15,SML Index,,-0.0046005790237227,1427.0933
2021-10-18,SML Index,,0.0028121497031765,1431.1065
2021-10-19,SML Index,,0.0007822618372566,1432.226
2021-10-20,SML Index,,0.0069595161657447,1442.1936
2021-10-21,SML Index,,0.0015764180343056,1444.4671
2021-10-22,SML Index,,0.0005551528311027,1445.269
2021-10-25,SML Index,,0.0085068592767159,1457.5637
2021-10-26,SML Index,,-0.0088953230654688,1444.5982
2021-10-27,SML Index,,-0.0197540049544571,1416.0616
2021-10-28,SML Index,,0.0189221288113454,1442.8565
2021-10-29,SML Index,,-0.0015997432870143,1440.5483
2021-11-01,SML Index,,0.0245624530604078,1475.9317
2021-11-02,SML Index,,-0.0016736546819884,1473.4615
2021-11-03,SML Index,,0.0214039525294689,1504.9994
2021-11-04,SML Index,,-0.0020335556279954,1501.9389
2021-11-05,SML Index,,0.0214990103791838,1534.2291
2021-11-08,SML Index,,0.0002300177985152,1534.582
2021-11-09,SML Index,,-0.0024047590809745,1530.8917
2021-11-10,SML Index,,-0.0101045031467607,1515.4228
2021-11-11,SML Index,,0.0066463959760931,1525.4949
2021-11-12,SML Index,,-0.0009795509640837,1524.0006
2021-11-15,SML Index,,0.0002427820566475,1524.3706
2021-11-16,SML Index,,0.0026554566192762,1528.4185
2021-11-17,SML Index,,-0.0103917219007753,1512.5356
2021-11-18,SML Index,,-0.0034573070544586,1507.3063
2021-11-19,SML Index,,-0.0110768461592709,1490.6101
2021-11-22,SML Index,,0.0066358734587936,1500.5016
2021-11-23,SML Index,,0.0002769074021646,1500.9171
2021-11-24,SML Index,,-0.0023857413577338,1497.3363
2021-11-26,SML Index,,-0.0371491694951895,1441.7115
2021-11-29,SML Index,,-0.0027395911040453,1437.7618
2021-11-30,SML Index,,-0.0212590847802466,1407.1963
2021-12-01,SML Index,,-0.0152673795404379,1385.7121
2021-12-02,SML Index,,0.0283554570967519,1425.0046
2021-12-03,SML Index,,-0.0133403779889552,1405.9945
2021-12-06,SML Index,,0.0241229250896786,1439.9112
2021-12-07,SML Index,,0.0144606834088103,1460.7333
2021-12-08,SML Index,,0.0046680663746079,1467.5521
2021-12-09,SML Index,,-0.0164212909374734,1443.453
2021-12-10,SML Index,,0.0002045096030145,1443.7482
2021-12-13,SML Index,,-0.017139692364638,1419.0028
2021-12-14,SML Index,,-0.005644245381334,1410.9936
2021-12-15,SML Index,,0.0127092000984272,1428.9262
2021-12-16,SML Index,,-0.0161679448525754,1405.8234
2021-12-17,SML Index,,0.0032077286521194,1410.3329
2021-12-20,SML Index,,-0.015038647967441,1389.1234
2021-12-21,SML Index,,0.0294374855394417,1430.0157
2021-12-22,SML Index,,0.0111020459425725,1445.8918
2021-12-23,SML Index,,0.0061785397773193,1454.8253
2021-12-27,SML Index,,0.0143839263724656,1475.7514
2021-12-28,SML Index,,-0.0029634395061391,1471.3781
2021-12-29,SML Index,,0.0041561716869376,1477.4934
2021-12-30,SML Index,,-0.0042296635639794,1471.2441
2021-12-31,SML Index,,-0.0003878350302304,1470.6735
2022-01-03,SML Index,,0.0108135490304273,1486.5767
2022-01-04,SML Index,,0.0065790752673575,1496.357
2022-01-05,SML Index,,-0.0246693135394828,1459.4429
2022-01-06,SML Index,,0.0065555836408535,1469.0104
2022-01-07,SML Index,,-0.0110992406861107,1452.7055
2022-01-10,SML Index,,-0.0038523981632891,1447.1091
2022-01-11,SML Index,,0.0066797313347004,1456.7754
2022-01-12,SML Index,,-0.0045567765628112,1450.1372
2022-01-13,SML Index,,0.0001726733167042,1450.3876
2022-01-14,SML Index,,0.004532512550438,1456.9615
2022-01-18,SML Index,,-0.0262989104379216,1418.645
2022-01-19,SML Index,,-0.0173849694602948,1393.9819
2022-01-20,SML Index,,-0.0211710783332265,1364.4698
2022-01-21,SML Index,,-0.0136572462065485,1345.8349
2022-01-24,SML Index,,0.0226540417401865,1376.3235
2022-01-25,SML Index,,-0.0111568246854754,1360.9681
2022-01-26,SML Index,,-0.0146903516695212,1340.975
2022-01-27,SML Index,,-0.0196311638919441,1314.6501
2022-01-28,SML Index,,0.015536909783067,1335.0757
2022-01-31,SML Index,,0.0215294907996601,1363.8192
2022-02-01,SML Index,,0.0075680119476246,1374.1406
2022-02-02,SML Index,,-0.0050192825974284,1367.2434
2022-02-03,SML Index,,-0.0144351035082707,1347.5071
2022-02-04,SML Index,,0.000149535390203,1347.7086
2022-02-07,SML Index,,0.0009726138128078,1349.0194
2022-02-08,SML Index,,0.0178692760089291,1373.1254
2022-02-09,SML Index,,0.0112748624415512,1388.6072
2022-02-10,SML Index,,-0.0137713530507401,1369.4842
2022-02-11,SML Index,,-0.0021611056191813,1366.5246
2022-02-14,SML Index,,-0.0034749465907893,1361.776
2022-02-15,SML Index,,0.0228931189857948,1392.9513
2022-02-16,SML Index,,0.0026030342912921,1396.5772
2022-02-17,SML Index,,-0.0188330441023955,1370.2754
2022-02-18,SML Index,,-0.0049984112682749,1363.4262
2022-02-22,SML Index,,-0.0144572548187794,1343.7148
2022-02-23,SML Index,,-0.014627062230765,1324.0602
2022-02-24,SML Index,,0.0172651515391824,1346.9203
2022-02-25,SML Index,,0.0223892237721861,1377.0768
2022-02-28,SML Index,,0.0041986038832402,1382.8586
2022-03-01,SML Index,,-0.0189584820892028,1356.6417
2022-03-02,SML Index,,0.0273695700198512,1393.7724
2022-03-03,SML Index,,-0.0070573215540787,1383.9361
2022-03-04,SML Index,,-0.0135702797260652,1365.1557
2022-03-07,SML Index,,-0.0227308870336183,1334.1245
2022-03-08,SML Index,,0.0038901916575253,1339.3145
2022-03-09,SML Index,,0.0211885259212829,1367.6926
2022-03-10,SML Index,,-0.0011428006556444,1366.1296
2022-03-11,SML Index,,-0.0114578441166929,1350.4767
2022-03-14,SML Index,,-0.0115486627795947,1334.8805
2022-03-15,SML Index,,0.0105643913443937,1348.9827
2022-03-16,SML Index,,0.0250467259513409,1382.7703
2022-03-17,SML Index,,0.0123813767188956,1399.8909
2022-03-18,SML Index,,0.0057858080226107,1407.9904
2022-03-21,SML Index,,-0.0066442214378734,1398.6354
2022-03-22,SML Index,,0.0049772799973459,1405.5968
2022-03-23,SML Index,,-0.0181714272542452,1380.0551
2022-03-24,SML Index,,0.0081832964495403,1391.3485
2022-03-25,SML Index,,0.0063433424479919,1400.1743
2022-03-28,SML Index,,-0.0040457820144249,1394.5095
2022-03-29,SML Index,,0.0239515758049695,1427.9102
2022-03-30,SML Index,,-0.0179995212584097,1402.2085
2022-03-31,SML Index,,-0.0102501874721198,1387.8356
2022-04-01,SML Index,,0.0097714023188335,1401.3967
2022-04-04,SML Index,,-0.0037427660561781,1396.1516
2022-04-05,SML Index,,-0.0224888185495042,1364.7538
2022-04-06,SML Index,,-0.0116116914274208,1348.9067
2022-04-07,SML Index,,-0.0005902557975284,1348.1105
2022-04-08,SML Index,,-0.0059141294426532,1340.1376
2022-04-11,SML Index,,-0.0061436974830048,1331.9042
2022-04-12,SML Index,,0.0054718650185201,1339.1922
2022-04-13,SML Index,,0.0167202288065897,1361.5838
2022-04-14,SML Index,,-0.0067327475547227,1352.4166
2022-04-18,SML Index,,-0.0036739418903909,1347.4479
2022-04-19,SML Index,,0.0189546475229209,1372.9883
2022-04-20,SML Index,,0.0071507528505523,1382.8062
2022-04-21,SML Index,,-0.0157675023441462,1361.0028
2022-04-22,SML Index,,-0.0246522637572824,1327.451
2022-04-25,SML Index,,0.0031937148715845,1331.6905
2022-04-26,SML Index,,-0.0300476724884647,1291.6763
2022-04-27,SML Index,,-0.003657959815474,1286.9514
2022-04-28,SML Index,,0.0205115748737676,1313.3488
2022-04-29,SML Index,,-0.0257970312227795,1279.4683
2022-05-02,SML Index,,0.0072239382562271,1288.7111
2022-05-03,SML Index,,0.0089995344961333,1300.3089
2022-05-04,SML Index,,0.0266175214212562,1334.9199
2022-05-05,SML Index,,-0.0357954810621971,1287.1358
2022-05-06,SML Index,,-0.0105984931815276,1273.4941
2022-05-09,SML Index,,-0.02835961313052,1237.3783
2022-05-10,SML Index,,-0.0061766882448157,1229.7354
2022-05-11,SML Index,,-0.0167740149628936,1209.1078
2022-05-12,SML Index,,0.0124237061410075,1224.1294
2022-05-13,SML Index,,0.024088303082991,1253.6166
2022-05-16,SML Index,,-0.0034748263544053,1249.2605
2022-05-17,SML Index,,0.0301978650569676,1286.9855
2022-05-18,SML Index,,-0.0317446466957087,1246.1306
2022-05-19,SML Index,,-0.0048161083597496,1240.1291
2022-05-20,SML Index,,-0.003598657591375,1235.6663
2022-05-23,SML Index,,0.0106741601676763,1248.856
2022-05-24,SML Index,,-0.0110239290999122,1235.0887
2022-05-25,SML Index,,0.0205190930821403,1260.4316
2022-05-26,SML Index,,0.0212400260355263,1287.2032
2022-05-27,SML Index,,0.0231994451225727,1317.0656
2022-05-31,SML Index,,-0.0105408568867031,1303.1826
2022-06-01,SML Index,,-0.0032800468637319,1298.9081
2022-06-02,SML Index,,0.0191350719885416,1323.7628
2022-06-03,SML Index,,-0.009129656763281,1311.6773
2022-06-06,SML Index,,0.0064586007549263,1320.1489
2022-06-07,SML Index,,0.0110052737232899,1334.6775
2022-06-08,SML Index,,-0.0168664714884307,1312.1662
2022-06-09,SML Index,,-0.0190449959768815,1287.176
2022-06-10,SML Index,,-0.0249023443569488,1255.1223
2022-06-13,SML Index,,-0.0446273642018789,1199.1095
2022-06-14,SML Index,,-0.0023342321948078,1196.3105
2022-06-15,SML Index,,0.0088108396607737,1206.851
2022-06-16,SML Index,,-0.0487292963257272,1148.042
2022-06-17,SML Index,,0.007059323613596,1156.1464
2022-06-21,SML Index,,0.0147503810936053,1173.2
2022-06-22,SML Index,,-0.0025721957040574,1170.1823
2022-06-23,SML Index,,0.0084460344341221,1180.0657
2022-06-24,SML Index,,0.0310761510990444,1216.7376
2022-06-27,SML Index,,0.0079360578649005,1226.3937
2022-06-28,SML Index,,-0.0151542689757783,1207.8086
2022-06-29,SML Index,,-0.0094992700002302,1196.3353
2022-06-30,SML Index,,-0.0037962601287448,1191.7937
2022-07-01,SML Index,,0.0094171499647968,1203.017
2022-07-05,SML Index,,0.0014173532044849,1204.7221
2022-07-06,SML Index,,-0.0117048570786573,1190.621
2022-07-07,SML Index,,0.0176575081407095,1211.6444
2022-07-08,SML Index,,-0.0022490096929428,1208.9194
2022-07-11,SML Index,,-0.0135364690152213,1192.5549
2022-07-12,SML Index,,-0.0011925656420513,1191.1327
2022-07-13,SML Index,,-0.0028502281903605,1187.7377
2022-07-14,SML Index,,-0.0087536162235146,1177.3407
2022-07-15,SML Index,,0.0210307857360236,1202.1011
2022-07-18,SML Index,,-0.0004864815446887,1201.5163
2022-07-19,SML Index,,0.0350380598249062,1243.6151
2022-07-20,SML Index,,0.0142298047040438,1261.3115
2022-07-21,SML Index,,0.0028328450188555,1264.8846
2022-07-22,SML Index,,-0.0093731080289853,1253.0287
2022-07-25,SML Index,,0.0066654498815548,1261.3807
2022-07-26,SML Index,,-0.0055065849667748,1254.4348
2022-07-27,SML Index,,0.0233295504875981,1283.7002
2022-07-28,SML Index,,0.0127848387029931,1300.1121
2022-07-29,SML Index,,0.0084817301523461,1311.1393
2022-08-01,SML Index,,0.0021350896887919,1313.9387
2022-08-02,SML Index,,-0.008336842502622,1302.9846
2022-08-03,SML Index,,0.0091664936024569,1314.9284
2022-08-04,SML Index,,-0.0080615035769248,1304.3281
2022-08-05,SML Index,,0.0050005822921395,1310.8505
2022-08-08,SML Index,,0.0063133820370822,1319.1264
2022-08-09,SML Index,,-0.0143540452226564,1300.1916
2022-08-10,SML Index,,0.0222013432481797,1329.0576
2022-08-11,SML Index,,0.0065157446900721,1337.7174
2022-08-12,SML Index,,0.0185100380693261,1362.4786
2022-08-15,SML Index,,0.0036014510613231,1367.3855
2022-08-16,SML Index,,0.0042696079488921,1373.2237
2022-08-17,SML Index,,-0.01321678325243,1355.0741
2022-08-18,SML Index,,0.0084462539723841,1366.5194
2022-08-19,SML Index,,-0.0177839407182949,1342.2173
2022-08-22,SML Index,,-0.0224690890215765,1312.0589
2022-08-23,SML Index,,-0.0010365388322124,1310.6989
2022-08-24,SML Index,,0.0031625875324987,1314.8441
2022-08-25,SML Index,,0.0192082087906846,1340.0999
2022-08-26,SML Index,,-0.0319774667545306,1297.2469
2022-08-29,SML Index,,-0.0095062859660717,1284.9149
2022-08-30,SML Index,,-0.0148054941226067,1265.8911
2022-08-31,SML Index,,-0.0097344076437537,1253.5684
2022-09-01,SML Index,,-0.0121639951996238,1238.32
2022-09-02,SML Index,,-0.006488952774727,1230.2846
2022-09-06,SML Index,,-0.0136355441659595,1213.509
2022-09-07,SML Index,,0.0181662435136451,1235.5539
2022-09-08,SML Index,,0.0040480629780699,1240.5555
2022-09-09,SML Index,,0.0190862077512856,1264.233
2022-09-12,SML Index,,0.0128006467162302,1280.416
2022-09-13,SML Index,,-0.0386540780496337,1230.9227
2022-09-14,SML Index,,0.0002254406389612,1231.2002
2022-09-15,SML Index,,-0.0080929973858028,1221.2361
2022-09-16,SML Index,,-0.0064492033931849,1213.3601
2022-09-19,SML Index,,0.0102610099013473,1225.8104
2022-09-20,SML Index,,-0.0123895995661319,1210.6231
2022-09-21,SML Index,,-0.0113455624628342,1196.8879
2022-09-22,SML Index,,-0.0209258527887197,1171.842
2022-09-23,SML Index,,-0.0222405409603001,1145.7796
2022-09-26,SML Index,,-0.0152359144812842,1128.3226
2022-09-27,SML Index,,0.0008465663986523,1129.2778
2022-09-28,SML Index,,0.027656702363227,1160.5099
2022-09-29,SML Index,,-0.0202506674005968,1137.0088
2022-09-30,SML Index,,-0.0064039961695987,1129.7274
2022-10-03,SML Index,,0.0264344301111933,1159.5911
2022-10-04,SML Index,,0.0380806648136571,1203.7491
2022-10-05,SML Index,,-0.0062743972145025,1196.1963
2022-10-06,SML Index,,-0.005702492141131,1189.375
2022-10-07,SML Index,,-0.0242527377824488,1160.5294
2022-10-10,SML Index,,-0.0001096913184619,1160.4021
2022-10-11,SML Index,,0.0025454969445504,1163.3559
2022-10-12,SML Index,,-0.0065531107032681,1155.7323
2022-10-13,SML Index,,0.0255391322021545,1185.2487
2022-10-14,SML Index,,-0.0229896054726743,1158.0003
2022-10-17,SML Index,,0.0275771949281879,1189.9347
2022-10-18,SML Index,,0.0116344199391782,1203.7789
2022-10-19,SML Index,,-0.0150828362251573,1185.6225
2022-10-20,SML Index,,-0.0140855963850213,1168.9223
2022-10-21,SML Index,,0.0239116834369572,1196.8732
2022-10-24,SML Index,,0.008482101529218,1207.0252
2022-10-25,SML Index,,0.0232564324257686,1235.0963
2022-10-26,SML Index,,0.0034982697300607,1239.417
2022-10-27,SML Index,,0.003505277077852,1243.7615
2022-10-28,SML Index,,0.0217198393743494,1270.7758
2022-10-31,SML Index,,-0.0010658056283413,1269.4214
2022-11-01,SML Index,,0.0045037053889276,1275.1385
2022-11-02,SML Index,,-0.0339980323706013,1231.7863
2022-11-03,SML Index,,-0.0054996552567601,1225.0119
2022-11-04,SML Index,,0.0154592783955811,1243.9497
2022-11-07,SML Index,,0.0098398673193942,1256.19
2022-11-08,SML Index,,0.0012820512820512,1257.8005
2022-11-09,SML Index,,-0.022795586422489,1229.1282
2022-11-10,SML Index,,0.05904331216223,1301.7
2022-11-11,SML Index,,0.0055738649458401,1308.9555
2022-11-14,SML Index,,-0.0110014435173694,1294.5551
2022-11-15,SML Index,,0.0136669346866733,1312.2477
2022-11-16,SML Index,,-0.0166576782721736,1290.3887
2022-11-17,SML Index,,-0.0031882641253755,1286.2746
2022-11-18,SML Index,,0.0065209248476181,1294.6623
2022-11-21,SML Index,,-0.0032512725519233,1290.453
2022-11-22,SML Index,,0.0118163931580614,1305.7015
2022-11-23,SML Index,,0.0012581742457982,1307.3443
2022-11-25,SML Index,,0.0021406755664901,1310.1429
2022-11-28,SML Index,,-0.0191435605993819,1285.0621
2022-11-29,SML Index,,0.0040535006051456,1290.2711
2022-11-30,SML Index,,0.0246724893706447,1322.1053
2022-12-01,SML Index,,-0.0022802268472866,1319.0906
2022-12-02,SML Index,,0.0039926749534868,1324.3573
2022-12-05,SML Index,,-0.027685126966869,1287.6923
2022-12-06,SML Index,,-0.0093252091357539,1275.6843
2022-12-07,SML Index,,-0.0047029660865152,1269.6848
2022-12-08,SML Index,,0.0047594489593005,1275.7278
2022-12-09,SML Index,,-0.010648980135104,1262.1426
2022-12-12,SML Index,,0.0105074497921235,1275.4045
2022-12-13,SML Index,,,1203.31
2022-12-14,SML Index,,-0.007703501175923111,1194.0403
2022-12-15,SML Index,,-0.023800704214087087,1165.6213
2022-12-16,SML Index,,-0.0089133580520534,1155.2317
2022-12-19,SML Index,,-0.007421454934105398,1146.6582
2022-12-20,SML Index,,0.0032611287304271652,1150.3976
2022-12-21,SML Index,,0.015567313422767848,1168.3062
2022-12-22,SML Index,,-0.012255862375805338,1153.9876
2022-12-23,SML Index,,0.0067239890619277265,1161.747
2022-12-27,SML Index,,-0.000863096698334509,1160.7443
2022-12-28,SML Index,,-0.01889796055858295,1138.8086
2022-12-29,SML Index,,0.0226369909746027,1164.5878
2022-12-30,SML Index,,-0.004458573239389807,1159.3954
2023-01-03,SML Index,,-0.0017139967952262136,1157.4082
2023-01-04,SML Index,,0.012178762859982983,1171.504
2023-01-05,SML Index,,-0.008799116349581304,1161.1958
2023-01-06,SML Index,,0.02309343523288665,1188.0118
2023-01-09,SML Index,,0.00012154761425753335,1188.1562
2023-01-10,SML Index,,0.01286261856816484,1203.439
2023-01-11,SML Index,,0.011138994165886151,1216.8441
2023-01-12,SML Index,,0.014433648484633244,1234.4076
2023-01-13,SML Index,,0.0056786753419211244,1241.4174
2023-01-17,SML Index,,-0.0035300777965573404,1237.0351
2023-01-18,SML Index,,-0.015714913829041777,1217.5952
2023-01-19,SML Index,,-0.00853888057377361,1207.1983
2023-01-20,SML Index,,0.015589070991899101,1226.0174
2023-01-23,SML Index,,0.011026678740448492,1239.5363
2023-01-24,SML Index,,-0.003808359626095603,1234.8157
2023-01-25,SML Index,,0.0028503038955529636,1238.3353
2023-01-26,SML Index,,0.0069469068676311085,1246.9379
2023-01-27,SML Index,,0.0035822954775857063,1251.4048
2023-01-30,SML Index,,-0.010720112308982621,1237.9896
2023-01-31,SML Index,,0.025334623166462622,1269.3536
2023-02-01,SML Index,,0.014952807476183327,1288.334
2023-02-02,SML Index,,0.023896210144263907,1319.1203
2023-02-03,SML Index,,-0.003727105101786421,1314.2038
2023-02-06,SML Index,,-0.01609932949516657,1293.046
2023-02-07,SML Index,,0.006950719463963306,1302.0336
2023-02-08,SML Index,,-0.014978415303568249,1282.5312
2023-02-09,SML Index,,-0.012914695564521184,1265.9677
2023-02-10,SML Index,,0.0024401886398839334,1269.0569
2023-02-13,SML Index,,0.012568545980877532,1285.0071
2023-02-14,SML Index,,-0.003425662006069863,1280.6051
2023-02-15,SML Index,,0.00985760559597959,1293.2288
2023-02-16,SML Index,,-0.006522279738898518,1284.794
2023-02-17,SML Index,,0.0013858252762699586,1286.5745
2023-02-21,SML Index,,-0.029786770995383405,1248.2516
2023-02-22,SML Index,,0.0035123527981058,1252.6359
2023-02-23,SML Index,,0.006820018490608648,1261.1789
2023-02-24,SML Index,,-0.0074309045290879006,1251.8072
2023-02-27,SML Index,,0.0019767421053338285,1254.2817
2023-02-28,SML Index,,-0.0005223706923253024,1253.6265
2023-03-01,SML Index,,0.002131575872079905,1256.2987
2023-03-02,SML Index,,0.0029456370527167763,1259.9993
2023-03-03,SML Index,,0.011453498426546638,1274.4307
2023-03-06,SML Index,,-0.022517583733662305,1245.7336
2023-03-07,SML Index,,-0.009919054924744874,1233.3771
2023-03-08,SML Index,,0.002272459898923218,1236.1799
2023-03-09,SML Index,,-0.023405007636833508,1207.2471
2023-03-10,SML Index,,-0.02494071014956256,1177.1375
2023-03-13,SML Index,,-0.024337343768251363,1148.4891
2023-03-14,SML Index,,0.020199059790815488,1171.6875
2023-03-15,SML Index,,-0.016542806849095926,1152.3045
2023-03-16,SML Index,,0.0167392386300671,1171.5932
2023-03-17,SML Index,,-0.02749316059533302,1139.3824
2023-03-20,SML Index,,0.013344334614963316,1154.5867
2023-03-21,SML Index,,0.01664968079053719,1173.8102
2023-03-22,SML Index,,-0.02580740906834844,1143.5172
2023-03-23,SML Index,,-0.008514432489515666,1133.7808
2023-03-24,SML Index,,0.010727646825559267,1145.9436
2023-03-27,SML Index,,0.010274065844078306,1157.7171
2023-03-28,SML Index,,0.0010443829498587576,1158.9262
2023-03-29,SML Index,,0.0065461459064433125,1166.5127
2023-03-30,SML Index,,-0.00026489210104607697,1166.2037
2023-03-31,SML Index,,0.01945534900978263,1188.8926
2023-04-03,SML Index,,0.0006069513764321854,1189.6142
2023-04-04,SML Index,,-0.019662172828804447,1166.2238
2023-04-05,SML Index,,-0.008140461547774924,1156.7302
2023-04-06,SML Index,,0.0002236476578549862,1156.9889
2023-04-10,SML Index,,0.01203468762751303,1170.9129
2023-04-11,SML Index,,0.007371513286769549,1179.5443
2023-04-12,SML Index,,-0.007750281189099928,1170.4025
2023-04-13,SML Index,,0.00852868991650313,1180.3845
2023-04-14,SML Index,,-0.007868029442948399,1171.0972
2023-04-17,SML Index,,0.00593785041924777,1178.051
2023-04-18,SML Index,,-0.005347561353455821,1171.7513
2023-04-19,SML Index,,0.0031555330896582134,1175.4488
2023-04-20,SML Index,,-0.0035754853805625153,1171.246
2023-04-21,SML Index,,-0.0031278655380680975,1167.5825
2023-04-24,SML Index,,-4.102493828062048e-05,1167.5346
2023-04-25,SML Index,,-0.025850026200508247,1137.3538
2023-04-26,SML Index,,-0.008991749093378076,1127.127
2023-04-27,SML Index,,0.015311850394853499,1144.3854
2023-04-28,SML Index,,0.010023196730751804,1155.8558
2023-05-01,SML Index,,-0.0008655924034816076,1154.8553
2023-05-02,SML Index,,-0.01864631872062239,1133.3215
2023-05-03,SML Index,,0.00032259160353009797,1133.6871
2023-05-04,SML Index,,-0.012005958257794491,1120.0761
2023-05-05,SML Index,,0.02393480228709466,1146.8849
2023-05-08,SML Index,,-0.0049598699921848954,1141.1965
2023-05-09,SML Index,,-0.006088522003003027,1134.2483
2023-05-10,SML Index,,0.003921363602660932,1138.6961
2023-05-11,SML Index,,-0.006861444418752138,1130.883
2023-05-12,SML Index,,-0.002641741011227494,1127.8955
2023-05-15,SML Index,,0.01044600319799116,1139.6775
2023-05-16,SML Index,,-0.012765190152477346,1125.1293
2023-05-17,SML Index,,0.023907829971186345,1152.0287
2023-05-18,SML Index,,0.008853946086585962,1162.2287
2023-05-19,SML Index,,-0.007307942059940342,1153.7352
2023-05-22,SML Index,,0.0074443425146428766,1162.324
2023-05-23,SML Index,,-0.0010493631724030061,1161.1043
2023-05-24,SML Index,,-0.012690418939969361,1146.3694
2023-05-25,SML Index,,-0.003104583915097492,1142.8104
2023-05-26,SML Index,,0.01137511524221324,1155.81
2023-05-30,SML Index,,-0.0048124691774600326,1150.2477
2023-05-31,SML Index,,-0.0129409517619552,1135.3624
2023-06-01,SML Index,,0.008706911555288466,1145.2479
2023-06-02,SML Index,,0.04063233820380718,1191.782
2023-06-05,SML Index,,-0.020306733949665312,1167.5808
2023-06-06,SML Index,,0.02840283087902784,1200.7434
2023-06-07,SML Index,,0.02406825638183796,1229.6432
2023-06-08,SML Index,,-0.006261816435857104,1221.9434
2023-06-09,SML Index,,-0.008249891116069774,1211.8625
2023-06-12,SML Index,,0.0022306160971232725,1214.5657
2023-06-13,SML Index,,0.009450291573358083,1226.0437
2023-06-14,SML Index,,-0.01307726633235018,1210.0104
2023-06-15,SML Index,,0.009071326990247375,1220.9868
2023-06-16,SML Index,,-0.003970558895476928,1216.1388
2023-06-20,SML Index,,-0.004316119179817335,1210.8898
2023-06-21,SML Index,,-0.0013114323037488607,1209.3018
2023-06-22,SML Index,,-0.01008408322885157,1197.1071
2023-06-23,SML Index,,-0.0164171610042243,1177.454
2023-06-26,SML Index,,0.006085503127935432,1184.6194
2023-06-27,SML Index,,0.017514401671963054,1205.3673
2023-06-28,SML Index,,0.0011701827318528757,1206.7778
2023-06-29,SML Index,,0.01701332258515187,1227.3091
2023-06-30,SML Index,,0.0012242229769174884,1228.8116
2023-07-03,SML Index,,0.0062406637437342205,1236.4802
2023-07-05,SML Index,,-0.01494063552331848,1218.0064
2023-07-06,SML Index,,-0.014522419586629476,1200.318
2023-07-07,SML Index,,0.010057334806276463,1212.39
2023-07-10,SML Index,,0.01299350868944793,1228.1432
2023-07-11,SML Index,,0.009464450073900288,1239.7669
2023-07-12,SML Index,,0.010596830742940488,1252.9045
2023-07-13,SML Index,,0.006374787543663496,1260.8915
2023-07-14,SML Index,,-0.00872105173204829,1249.8952
2023-07-17,SML Index,,0.007726087755197453,1259.552
2023-07-18,SML Index,,0.013954406011026377,1277.1283
2023-07-19,SML Index,,0.005880615126921729,1284.6386
2023-07-20,SML Index,,-0.007830529146485299,1274.5792
2023-07-21,SML Index,,-0.0033024232625167294,1270.37
2023-07-24,SML Index,,0.006166392468336168,1278.2036
2023-07-25,SML Index,,-0.0007038784744464177,1277.3039
2023-07-26,SML Index,,0.006829776375065988,1286.0276
2023-07-27,SML Index,,-0.010059037613189492,1273.0914
2023-07-28,SML Index,,0.009366098930524647,1285.0153
2023-07-31,SML Index,,0.008944874041577622,1296.5096
2023-08-01,SML Index,,-0.00491118615704822,1290.1422
2023-08-02,SML Index,,-0.008726712450767171,1278.8835
2023-08-03,SML Index,,-0.0036240986766971073,1274.2487
2023-08-04,SML Index,,-0.00044269223111625955,1273.6846
2023-08-07,SML Index,,0.0057924073196771175,1281.0623
2023-08-08,SML Index,,-0.006546363904394115,1272.676
2023-08-09,SML Index,,-0.007006575122026293,1263.7589
2023-08-10,SML Index,,-0.0036538615079190206,1259.1413
2023-08-11,SML Index,,-0.000892989531834032,1258.0169
2023-08-14,SML Index,,-0.005050806551167963,1251.6629
2023-08-15,SML Index,,-0.01141617283695151,1237.3737
2023-08-16,SML Index,,-0.011781808519124026,1222.7952
2023-08-17,SML Index,,-0.009988181177027933,1210.5817
2023-08-18,SML Index,,0.0045371576325663465,1216.0743
2023-08-21,SML Index,,-0.004268571418703626,1210.8834
2023-08-22,SML Index,,-0.002298982709648123,1208.0996
2023-08-23,SML Index,,0.010814588466050434,1221.1647
2023-08-24,SML Index,,-0.009335022540366555,1209.7651
2023-08-25,SML Index,,0.0015425308599164023,1211.6312
2023-08-28,SML Index,,0.008448280301794897,1221.8674
2023-08-29,SML Index,,0.013287612060032039,1238.1031
2023-08-30,SML Index,,0.004667462669304401,1243.8819
2023-08-31,SML Index,,-0.0009426136034298427,1242.7094
2023-09-01,SML Index,,0.010157241910296877,1255.3319
2023-09-05,SML Index,,-0.029584606270261937,1218.1934
2023-09-06,SML Index,,-0.0022465234173819626,1215.4567
2023-09-07,SML Index,,-0.008117113509679141,1205.5907
2023-09-08,SML Index,,-0.0037993823276838423,1201.0102
2023-09-11,SML Index,,0.0007220588134888573,1201.8774
2023-09-12,SML Index,,-0.000795588634914024,1200.9212
2023-09-13,SML Index,,-0.005757330289447804,1194.0071
2023-09-14,SML Index,,0.016863635065486493,1214.1424
2023-09-15,SML Index,,-0.00955538658397892,1202.5408
2023-09-18,SML Index,,-0.0057084133860572095,1195.6762
2023-09-19,SML Index,,-0.00260128954645078,1192.5659
2023-09-20,SML Index,,-0.007995281434761914,1183.031
2023-09-21,SML Index,,-0.014589727572650202,1165.7709
2023-09-22,SML Index,,-0.0030512856342528316,1162.2138
2023-09-25,SML Index,,0.004559574150642343,1167.513
2023-09-26,SML Index,,-0.014916493435190747,1150.0978
2023-09-27,SML Index,,0.010366422751178161,1162.0202
2023-09-28,SML Index,,0.012059514972287078,1176.0336
2023-09-29,SML Index,,-0.006693431208087852,1168.1619
2023-10-02,SML Index,,-0.012958220945230359,1153.0246
2023-10-03,SML Index,,-0.017328684921379733,1133.0442
2023-10-04,SML Index,,0.0027331678675908133,1136.141
2023-10-05,SML Index,,-0.0015497196210682018,1134.3803
2023-10-06,SML Index,,0.005753714164465018,1140.9072
2023-10-09,SML Index,,0.00844301797727276,1150.5399
2023-10-10,SML Index,,0.010977020440577467,1163.1694
2023-10-11,SML Index,,0.0017019017178407925,1165.149
2023-10-12,SML Index,,-0.01895783286086139,1143.0603
2023-10-13,SML Index,,-0.011549171990314244,1129.8589
2023-10-16,SML Index,,0.0178183311208151,1149.9911
2023-10-17,SML Index,,0.011456175617359232,1163.1656
2023-10-18,SML Index,,-0.01880084830569273,1141.2971
2023-10-19,SML Index,,-0.015451717173381008,1123.6621
2023-10-20,SML Index,,-0.011786194444041498,1110.4184
2023-10-23,SML Index,,-0.009512630554392887,1099.8554
2023-10-24,SML Index,,0.006590866399346806,1107.1044
2023-10-25,SML Index,,-0.012603960385307866,1093.1505
2023-10-26,SML Index,,0.0030678300929287694,1096.5041
2023-10-27,SML Index,,-0.010081676849179266,1085.4495
2023-10-30,SML Index,,0.006442860768741454,1092.4429
2023-10-31,SML Index,,0.007952269175807825,1101.1303
2023-11-01,SML Index,,0.004536247890008838,1106.1253
2023-11-02,SML Index,,0.026676091759224807,1135.6324
2023-11-03,SML Index,,0.027357884470362137,1166.7009
2023-11-06,SML Index,,-0.010399923407961809,1154.5673
2023-11-07,SML Index,,-0.0068240283611010755,1146.6885
2023-11-08,SML Index,,-0.009128634323968488,1136.2208
2023-11-09,SML Index,,-0.013228766803072056,1121.19
2023-11-10,SML Index,,0.010385483281156516,1132.8341
2023-11-13,SML Index,,-0.0006477559247201059,1132.1003
2023-11-14,SML Index,,0.054899905953562644,1194.2525
2023-11-15,SML Index,,0.0020802970896021122,1196.7369
2023-11-16,SML Index,,-0.015538335953374727,1178.1416
2023-11-17,SML Index,,0.011079313386438638,1191.1946
2023-11-20,SML Index,,0.004158682384893364,1196.1484
2023-11-21,SML Index,,-0.012185110141851974,1181.5732
2023-11-22,SML Index,,0.005589073956653756,1188.1771
2023-11-24,SML Index,,0.005082996465762379,1194.2166
2023-11-27,SML Index,,-0.0031931393350251858,1190.4033
2023-11-28,SML Index,,-0.005131538193820506,1184.2947
2023-11-29,SML Index,,0.003679742888319959,1188.6526
2023-11-30,SML Index,,0.0026495546301754658,1191.802
2023-12-01,SML Index,,0.028939202988415902,1226.2918
2023-12-04,SML Index,,0.013051705964273852,1242.297
2023-12-05,SML Index,,-0.015148551433352808,1223.478
2023-12-06,SML Index,,-0.0020129499672245643,1221.0152
2023-12-07,SML Index,,0.011935723650287056,1235.5889
2023-12-08,SML Index,,0.005600487346560046,1242.5088
2023-12-11,SML Index,,0.00531698447528095,1249.1152
2023-12-12,SML Index,,-0.0018766883951135682,1246.771
2023-12-13,SML Index,,0.03352395909112427,1288.5677
2023-12-14,SML Index,,0.029422745890650415,1326.4809
2023-12-15,SML Index,,-0.00868139149233127,1314.9652
2023-12-18,SML Index,,-0.0022609723816265914,1311.9921
2023-12-19,SML Index,,0.02048023002577537,1338.862
2023-12-20,SML Index,,-0.017270263850942214,1315.7395
2023-12-21,SML Index,,0.016824530995687148,1337.8762
2023-12-22,SML Index,,0.0049867095326161515,1344.5478
2023-12-26,SML Index,,0.011405247176783151,1359.8827
2023-12-27,SML Index,,0.0037587800771345936,1364.9942
2023-12-28,SML Index,,-0.0020508512050820826,1362.1948
2023-12-29,SML Index,,-0.013192900163765064,1344.2235
2024-01-02,SML Index,,-0.0056286026840031145,1336.6574
2024-01-03,SML Index,,-0.026816894142059122,1300.8124
2024-01-04,SML Index,,-0.0008174122571402709,1299.7491
2024-01-05,SML Index,,-0.003001117677250087,1295.8484
2024-01-08,SML Index,,0.01630645992231794,1316.9791
2024-01-09,SML Index,,-0.011273831148877034,1302.1317
2024-01-10,SML Index,,0.0037247384423557683,1306.9818
2024-01-11,SML Index,,-0.006650054346587053,1298.2903
2024-01-12,SML Index,,-0.002161843156341714,1295.4836
2024-01-16,SML Index,,-0.010113288967918965,1282.382
2024-01-17,SML Index,,-0.009490541819832332,1270.2115
2024-01-18,SML Index,,0.009193429598141956,1281.8891
2024-01-19,SML Index,,0.011085124290392878,1296.099
2024-01-22,SML Index,,0.01913588391010257,1320.901
2024-01-23,SML Index,,-0.005515099163374226,1313.6161
2024-01-24,SML Index,,-0.006859081584033477,1304.6059
2024-01-25,SML Index,,0.007221721134328618,1314.0274
2024-01-26,SML Index,,0.0017246976737319564,1316.2937
2024-01-29,SML Index,,0.011319206344298394,1331.1931
2024-01-30,SML Index,,-0.00451452159720489,1325.1834
2024-01-31,SML Index,,-0.025729344330754467,1291.0873
2024-02-01,SML Index,,0.01149534969478827,1305.9288
2024-02-02,SML Index,,-0.004701175132978186,1299.7894
2024-02-05,SML Index,,-0.016075758118969108,1278.8943
2024-02-06,SML Index,,0.005582478551980463,1286.0337
2024-02-07,SML Index,,-0.001947149596468467,1283.5296
2024-02-08,SML Index,,0.013222834907741898,1300.5015
2024-02-09,SML Index,,0.011326553641037629,1315.2317
2024-02-12,SML Index,,0.017645331997396374,1338.4394
2024-02-13,SML Index,,-0.035496265277307315,1290.9298
2024-02-14,SML Index,,0.019693634773943813,1316.3529
2024-02-15,SML Index,,0.024129319728774856,1348.1156
2024-02-16,SML Index,,-0.011353774112546455,1332.8094
2024-02-20,SML Index,,-0.010374176532668589,1318.9826
2024-02-21,SML Index,,-0.002770696141101592,1315.3281
2024-02-22,SML Index,,0.0030387095052557545,1319.325
2024-02-23,SML Index,,0.003127432588634349,1323.4511
2024-02-26,SML Index,,0.00021602611535853633,1323.737
2024-02-27,SML Index,,0.008084234254991607,1334.4384
2024-02-28,SML Index,,-0.007075036209989172,1324.9972
2024-02-29,SML Index,,0.00672295760323105,1333.9051
2024-03-01,SML Index,,0.004732645523283674,1340.218
2024-03-04,SML Index,,-0.0056366203110240765,1332.6637
2024-03-05,SML Index,,-0.004325997624156863,1326.8986
2024-03-06,SML Index,,0.0029795042364202384,1330.8521
2024-03-07,SML Index,,0.008075427765414478,1341.5993
2024-03-08,SML Index,,-0.0009809933562130446,1340.2832
2024-03-11,SML Index,,-0.0046927395642951675,1333.9936
2024-03-12,SML Index,,-0.002752187116939697,1330.3222
2024-03-13,SML Index,,0.0010998839228570922,1331.7854
2024-03-14,SML Index,,-0.015527426565871694,1311.1062
2024-03-15,SML Index,,0.004898306483486881,1317.5284
2024-03-18,SML Index,,-0.004092890900871615,1312.1359
2024-03-19,SML Index,,0.006939601301968912,1321.2416
2024-03-20,SML Index,,0.016553520567320845,1343.1128
2024-03-21,SML Index,,0.01151921119357957,1358.5844
2024-03-22,SML Index,,-0.012107308165764219,1342.1356
2024-03-25,SML Index,,-0.002775054919935127,1338.4111
2024-03-26,SML Index,,-0.0014916194284402273,1336.4147
2024-03-27,SML Index,,0.024322390347846223,1368.9195
2024-03-28,SML Index,,0.0059742008204282104,1377.0977
2024-04-01,SML Index,,-0.010305804737020474,1362.9056
2024-04-02,SML Index,,-0.017204126243226203,1339.458
2024-04-03,SML Index,,0.005276985168627846,1346.5263
2024-04-04,SML Index,,-0.008669789813982809,1334.8522
2024-04-05,SML Index,,0.00422563636633333,1340.4928
2024-04-08,SML Index,,0.006391753838588254,1349.0609
2024-04-09,SML Index,,0.005176860436767461,1356.0448
2024-04-10,SML Index,,-0.029349104100395373,1316.2461
2024-04-11,SML Index,,0.004729054847721903,1322.4707
2024-04-12,SML Index,,-0.01592730939142928,1301.4073
2024-04-15,SML Index,,-0.008936556602994417,1289.7772
2024-04-16,SML Index,,-0.00574091401212562,1282.3727
2024-04-17,SML Index,,-0.00783485175565568,1272.3255
2024-04-18,SML Index,,0.0009198903896840971,1273.4959
2024-04-19,SML Index,,0.009059000504045622,1285.0325
2024-04-22,SML Index,,0.008208430526076116,1295.5806
2024-04-23,SML Index,,0.01905747894032994,1320.2711
2024-04-24,SML Index,,-0.0026152204649484423,1316.8183
2024-04-25,SML Index,,-0.00821593989087177,1305.9994
2024-04-26,SML Index,,0.007750233269632423,1316.1212
2024-04-29,SML Index,,0.006722405200979775,1324.9687
2024-04-30,SML Index,,-0.018981731417504255,1299.8185
2024-05-01,SML Index,,0.003531262249306222,1304.4085
2024-05-02,SML Index,,0.014977593292285318,1323.9454
2024-05-03,SML Index,,0.007943152338457438,1334.4617
2024-05-06,SML Index,,0.010546200014582618,1348.5352
2024-05-07,SML Index,,0.0018759614135397396,1351.065
2024-05-08,SML Index,,-0.0021098910859210784,1348.2144
2024-05-09,SML Index,,0.011530510280857387,1363.76
2024-05-10,SML Index,,-0.003933829999413385,1358.3952
2024-05-13,SML Index,,0.0014124755446722759,1360.3139
2024-05-14,SML Index,,0.010798904576362789,1375.0038
2024-05-15,SML Index,,0.003997152589687358,1380.4999
2024-05-16,SML Index,,-0.0034777981512350564,1375.6988
2024-05-17,SML Index,,-0.0013957270297828561,1373.7787
2024-05-20,SML Index,,-0.0007582735123203843,1372.737
2024-05-21,SML Index,,-0.0007799017583121071,1371.6664
2024-05-22,SML Index,,-0.006762868872489669,1362.39
2024-05-23,SML Index,,-0.013957603916646577,1343.3743
2024-05-24,SML Index,,0.0090827254920689,1355.5758
2024-05-28,SML Index,,-0.0036119706474548874,1350.6795
2024-05-29,SML Index,,-0.012179573318466641,1334.2288
2024-05-30,SML Index,,0.012176172482560643,1350.4746
2024-05-31,SML Index,,0.01099250589385381,1365.3197
2024-06-03,SML Index,,-0.004152434041638786,1359.6503
2024-06-04,SML Index,,-0.013944688571760011,1340.6904
2024-06-05,SML Index,,0.010717761535399939,1355.0596
2024-06-06,SML Index,,-0.006318098480686762,1346.4982
2024-06-07,SML Index,,-0.010946171335394328,1331.7592
2024-06-10,SML Index,,-0.00449743467137298,1325.7697
2024-06-11,SML Index,,-0.004191301098524169,1320.213
2024-06-12,SML Index,,0.016550814148929005,1342.0636
2024-06-13,SML Index,,-0.010155405451723665,1328.4344
2024-06-14,SML Index,,-0.015477617863554394,1307.8734
2024-06-17,SML Index,,0.009283237964775592,1320.0147
2024-06-18,SML Index,,0.0005398424729663454,1320.7273
2024-06-20,SML Index,,-0.0029125618891955307,1316.8806
2024-06-21,SML Index,,0.0010879498110916153,1318.3133
2024-06-24,SML Index,,0.006612767996803104,1327.031
2024-06-25,SML Index,,-0.00852075045722367,1315.7237
2024-06-26,SML Index,,-1.0640531900030226e-06,1315.7223
2024-06-27,SML Index,,0.004167596764150128,1321.2057
2024-06-28,SML Index,,0.00987923379379918,1334.2582
2024-07-01,SML Index,,-0.008441994210715675,1322.9944
2024-07-02,SML Index,,0.003967514904069214,1328.2434
2024-07-03,SML Index,,0.000992890309110539,1329.5622
2024-07-05,SML Index,,-0.007222001347511275,1319.9601
2024-07-08,SML Index,,0.005535849151803829,1327.2672
2024-07-09,SML Index,,-0.006662637334818533,1318.4241
2024-07-10,SML Index,,0.011197838389028325,1333.1876
2024-07-11,SML Index,,0.033167425199574385,1377.406
2024-07-12,SML Index,,0.00913361782945632,1389.9867
2024-07-15,SML Index,,0.014056753204904737,1409.5254
2024-07-16,SML Index,,0.03573394278669961,1459.8933
2024-07-17,SML Index,,-0.0051636650431917674,1452.3549
2024-07-18,SML Index,,-0.01487639143848385,1430.7491
2024-07-19,SML Index,,-0.006791826743067664,1421.0317
2024-07-22,SML Index,,0.014905578812914655,1442.213
2024-07-23,SML Index,,0.007208713276055656,1452.6095
2024-07-24,SML Index,,-0.018645616733196424,1425.5247
2024-07-25,SML Index,,0.013891867324361318,1445.3279
2024-07-26,SML Index,,0.0180946482801585,1471.4806
2024-07-29,SML Index,,-0.006839097980632647,1461.417
2024-07-30,SML Index,,0.00601594206171141,1470.2088
2024-07-31,SML Index,,0.005496498184475396,1478.2898
2024-08-01,SML Index,,-0.026839324738627046,1438.6135
2024-08-02,SML Index,,-0.03352623897940621,1390.3822
2024-08-05,SML Index,,-0.03214598115539746,1345.687
2024-08-06,SML Index,,0.012562505248248756,1362.5922
2024-08-07,SML Index,,-0.01104350956948097,1347.5444
2024-08-08,SML Index,,0.023168884082780394,1378.7655
2024-08-09,SML Index,,-0.0016873065071616455,1376.4391
2024-08-12,SML Index,,-0.012232288373673739,1359.6021
2024-08-13,SML Index,,0.016855519714186862,1382.5189
2024-08-14,SML Index,,-0.004229526265427608,1376.6715
2024-08-15,SML Index,,0.022996844199941746,1408.3306
2024-08-16,SML Index,,0.0027949403357423463,1412.2668
2024-08-19,SML Index,,0.008746647588118606,1424.6194
2024-08-20,SML Index,,-0.011874329382289828,1407.703
2024-08-21,SML Index,,0.01204430195858075,1424.6578
2024-08-22,SML Index,,-0.008023891772466318,1413.2265
2024-08-23,SML Index,,0.030143221910996054,1455.8257
2024-08-26,SML Index,,-0.0013660976035799743,1453.8369
2024-08-27,SML Index,,-0.0054249551651908146,1445.9499
2024-08-28,SML Index,,-0.0025996751339725233,1442.1909
2024-08-29,SML Index,,0.0048300817873694335,1449.1568
2024-08-30,SML Index,,0.005371330417798914,1456.9407
2024-09-03,SML Index,,-0.028754224519913718,1415.0475
2024-09-04,SML Index,,-0.0020951240152715656,1412.0828
2024-09-05,SML Index,,-0.0052603855807887845,1404.6547
2024-09-06,SML Index,,-0.01704888753086442,1380.7069
2024-09-09,SML Index,,-0.0024491801989255935,1377.3253
2024-09-10,SML Index,,-0.0029357625246555497,1373.2818
2024-09-11,SML Index,,0.0020963650723397897,1376.1607
2024-09-12,SML Index,,0.012416209822007085,1393.2474
2024-09-13,SML Index,,0.025289047731221315,1428.4813
2024-09-16,SML Index,,0.0040688667048003335,1434.2936
2024-09-17,SML Index,,0.007750644637890103,1445.4103
2024-09-18,SML Index,,0.000942708101637324,1446.7729
2024-09-19,SML Index,,0.020377351552548495,1476.2543
2024-09-20,SML Index,,-0.010408233865940253,1460.8891
2024-09-23,SML Index,,0.000545079020714212,1461.6854
2024-09-24,SML Index,,4.2416788181620646e-05,1461.7474
2024-09-25,SML Index,,-0.013140505671499825,1442.5393
2024-09-26,SML Index,,0.007381289369378097,1453.1871
2024-09-27,SML Index,,0.007556494273861958,1464.1681
2024-09-30,SML Index,,0.0033673729129872765,1469.0985
2024-10-01,SML Index,,-0.013789136671230828,1448.8409
2024-10-02,SML Index,,-0.0043255267020690935,1442.5739
2024-10-03,SML Index,,-0.007361702578980611,1431.9541
2024-10-04,SML Index,,0.015541908780456026,1454.2094
2024-10-07,SML Index,,-0.010037275236977505,1439.6131
2024-10-08,SML Index,,-0.0008922536200872688,1438.3286
2024-10-09,SML Index,,0.0032103234267883973,1442.9461
2024-10-10,SML Index,,-0.006484164585219054,1433.5898
2024-10-11,SML Index,,0.017952624941946382,1459.3265
2024-10-14,SML Index,,0.00628872291430338,1468.5038
2024-10-15,SML Index,,0.0011853561427623838,1470.2445
2024-10-16,SML Index,,0.013918773374088422,1490.7085
2024-10-17,SML Index,,-0.0017271653042830737,1488.1338
2024-10-18,SML Index,,-0.003198233922245497,1483.3744
2024-10-21,SML Index,,-0.01740214742818802,1457.5605
2024-10-22,SML Index,,-0.005796328865937284,1449.112
2024-10-23,SML Index,,-0.006242098609355318,1440.0665
2024-10-24,SML Index,,0.00314381315029566,1444.5938
2024-10-25,SML Index,,-0.004917645361623535,1437.4898
2024-10-28,SML Index,,0.015183412084037062,1459.3158
2024-10-29,SML Index,,-0.004122479863508666,1453.2998
2024-10-30,SML Index,,5.215716674578097e-05,1453.3756
2024-10-31,SML Index,,-0.015827085579254274,1430.3729
2024-11-01,SML Index,,0.004134795898328214,1436.2872
2024-11-04,SML Index,,0.004923945573002353,1443.3594
2024-11-05,SML Index,,0.02033111087924455,1472.7045
2024-11-06,SML Index,,0.060948004165126024,1562.4629
2024-11-07,SML Index,,-0.00720074697453621,1551.212
2024-11-08,SML Index,,0.0055769939892162945,1559.8631
2024-11-11,SML Index,,0.015288136503773808,1583.7105
2024-11-12,SML Index,,-0.015297240246875954,1559.4841
2024-11-13,SML Index,,-0.008155709955619206,1546.7654
2024-11-14,SML Index,,-0.01257773156808395,1527.3106
2024-11-15,SML Index,,-0.009002229147103358,1513.5614
2024-11-18,SML Index,,-0.00016338947333094378,1513.3141
2024-11-19,SML Index,,0.0027275897317020625,1517.4418
2024-11-20,SML Index,,0.0010559877815412566,1519.0442
2024-11-21,SML Index,,0.0165932630531751,1544.2501
2024-11-22,SML Index,,0.01687375639477051,1570.3074
2024-11-25,SML Index,,0.01810473541677249,1598.7374
2024-11-26,SML Index,,-0.00883741132220961,1584.6087
2024-11-27,SML Index,,-0.0006714591431942196,1583.5447
2024-11-29,SML Index,,0.002007332031738862,1586.7234
2024-12-02,SML Index,,0.003295911562153808,1591.9531
2024-12-03,SML Index,,-0.007426160984265073,1580.131
2024-12-04,SML Index,,0.00362577533128583,1585.8602
2024-12-05,SML Index,,-0.014481352139362635,1562.8948
2024-12-06,SML Index,,0.001038073707840148,1564.5172
2024-12-09,SML Index,,-0.0024525137850833767,1560.6802
2024-12-10,SML Index,,-0.0031422837298762385,1555.7761
2024-12-11,SML Index,,0.005796399623313464,1564.794
2024-12-12,SML Index,,-0.008253993816438432,1551.8782
2024-12-13,SML Index,,-0.006225488572492388,1542.217
2024-12-16,SML Index,,0.0037501207676999826,1548.0005
2024-12-17,SML Index,,-0.013901739695820536,1526.4806
2024-12-18,SML Index,,-0.0401475786852451,1465.1961
2024-12-19,SML Index,,-0.003919065850639281,1459.4539
2024-12-20,SML Index,,0.006048221187390679,1468.281
2024-12-23,SML Index,,-0.001274483562751283,1466.4097
2024-12-24,SML Index,,0.009271829012042154,1480.006
2024-12-26,SML Index,,0.0053400459187327165,1487.9093
2024-12-27,SML Index,,-0.013316806340278986,1468.0951
2024-12-30,SML Index,,-0.007077402547014833,1457.7048
2024-12-31,SML Index,,0.0018508548507214506,1460.4028
2025-01-02,SML Index,,-0.0022703325411318476,1457.0872
2025-01-03,SML Index,,0.012355677820792055,1475.0905
2025-01-06,SML Index,,-0.0012612785452824626,1473.23
2025-01-07,SML Index,,-0.0065122214453955385,1463.636
2025-01-08,SML Index,,-0.00017798141067848494,1463.3755
2025-01-10,SML Index,,-0.020388273549748592,1433.5398
2025-01-13,SML Index,,0.004819329048276089,1440.4485
2025-01-14,SML Index,,0.013791607266764538,1460.3146
2025-01-15,SML Index,,0.01632175696935456,1484.1495
2025-01-16,SML Index,,0.0027005365699346306,1488.1575
2025-01-17,SML Index,,0.005316708748905885,1496.0696
2025-01-21,SML Index,,0.016026460266286957,1520.0463
2025-01-22,SML Index,,-0.008340666991525247,1507.3681
2025-01-23,SML Index,,0.003709113918491491,1512.9591
2025-01-24,SML Index,,-0.0019865705556746382,1509.9535
2025-01-27,SML Index,,-0.0034288473121855123,1504.7761
2025-01-28,SML Index,,0.00021092838994452023,1505.0935
2025-01-29,SML Index,,-0.00393443995339815,1499.1718
2025-01-30,SML Index,,0.01077308151073808,1515.3225
2025-01-31,SML Index,,-0.00823303290223698,1502.8468
2025-02-03,SML Index,,-0.014573740982780192,1480.9447
2025-02-04,SML Index,,0.012098493616946149,1498.8619
2025-02-05,SML Index,,0.008848580379553272,1512.1247
2025-02-06,SML Index,,-0.004041465627801721,1506.0135
2025-02-07,SML Index,,-0.013618802221892379,1485.5034
2025-02-10,SML Index,,0.0002566806646151498,1485.8847
2025-02-11,SML Index,,-0.0009115108325701282,1484.5303
2025-02-12,SML Index,,-0.012950021969911907,1465.3056
2025-02-13,SML Index,,0.014485783716379874,1486.5317
2025-02-14,SML Index,,-0.0013503916532691118,1484.5243
2025-02-18,SML Index,,0.005355857091729588,1492.4752
2025-02-19,SML Index,,-0.0038948050862085415,1486.6623
2025-02-20,SML Index,,-0.010271868735757916,1471.3915
2025-02-21,SML Index,,-0.026921386999992802,1431.7796
2025-02-24,SML Index,,-0.0040351182542341935,1426.0022
2025-02-25,SML Index,,0.0011578523511395211,1427.6533
2025-02-26,SML Index,,-0.001972958000377112,1424.8366
2025-02-27,SML Index,,-0.014474993132545966,1404.2121
2025-02-28,SML Index,,0.009066009330072067,1416.9427
2025-03-03,SML Index,,-0.023724953733132548,1383.3258
2025-03-04,SML Index,,-0.015082419484983234,1362.4619
2025-03-05,SML Index,,0.010303333986807273,1376.4998
2025-03-06,SML Index,,-0.01249604249851699,1359.299
2025-03-07,SML Index,,0.005697274845343214,1367.0433
2025-03-10,SML Index,,-0.024362139809324335,1333.7392
2025-03-11,SML Index,,-0.004402509875993665,1327.8674
2025-03-12,SML Index,,-0.0047000174866858035,1321.6264
2025-03-13,SML Index,,-0.01733591278140334,1298.7148
2025-03-14,SML Index,,0.02511983385420713,1331.3383
2025-03-17,SML Index,,0.011053689359045826,1346.0545
2025-03-18,SML Index,,-0.007480752079503494,1335.985
2025-03-19,SML Index,,0.01375659157849829,1354.3636
2025-03-20,SML Index,,-0.004946972880842226,1347.6636
2025-03-21,SML Index,,-0.00595608577689577,1339.6368
2025-03-24,SML Index,,0.02569457632098482,1374.0582
2025-03-25,SML Index,,-0.006353078785163446,1365.3287
2025-03-26,SML Index,,-0.005295354884138903,1358.0988
2025-03-27,SML Index,,-0.004320230604724751,1352.2315
2025-03-28,SML Index,,-0.02130448817380759,1323.4229
2025-03-31,SML Index,,0.004868511796191521,1329.866
2025-04-01,SML Index,,0.0023307611443559306,1332.9656
2025-04-02,SML Index,,0.015343156642602107,1353.4175
2025-04-03,SML Index,,-0.07131428402543938,1256.8995
2025-04-04,SML Index,,-0.04201576975724797,1204.0899
2025-04-07,SML Index,,-0.013614265845099949,1187.6971
2025-04-08,SML Index,,-0.02989718506511474,1152.1883
2025-04-09,SML Index,,0.08845368417644917,1254.1036
2025-04-10,SML Index,,-0.044564579832160556,1198.215
2025-04-11,SML Index,,0.012762317280287983,1213.507
2025-04-14,SML Index,,0.01113467001014401,1227.019
2025-04-15,SML Index,,-0.0017760931167325467,1224.8397
2025-04-16,SML Index,,-0.011001357973618897,1211.3648
2025-04-17,SML Index,,0.010662931595833092,1224.2815
2025-04-21,SML Index,,-0.02064892755465142,1199.0014
2025-04-22,SML Index,,0.026115232225750296,1230.3136
2025-04-23,SML Index,,0.012552409401960674,1245.757
2025-04-24,SML Index,,0.019979739226831494,1270.6469
2025-04-25,SML Index,,-0.000242868416080122,1270.3383
2025-04-28,SML Index,,0.003464510201731441,1274.7394
2025-04-29,SML Index,,0.005869434960588782,1282.2214
2025-04-30,SML Index,,-0.0062805846166659185,1274.1683
2025-05-01,SML Index,,0.006194550594297521,1282.0612
2025-05-02,SML Index,,0.022690570465746962,1311.1519
2025-05-05,SML Index,,-0.008095934574781194,1300.5369
2025-05-06,SML Index,,-0.005936932662195082,1292.8157
2025-05-07,SML Index,,0.001167838540327093,1294.3255
2025-05-08,SML Index,,0.018160346837020613,1317.8309
2025-05-09,SML Index,,0.00034458138749071665,1318.285
2025-05-12,SML Index,,0.0367698183624936,1366.7581
2025-05-13,SML Index,,0.00539378548405911,1374.1301
2025-05-14,SML Index,,-0.010462109810417619,1359.7538
2025-05-15,SML Index,,0.006099707167577018,1368.0479
2025-05-16,SML Index,,0.008390057102532822,1379.5259
2025-05-19,SML Index,,-0.005461296522232817,1371.9919
2025-05-20,SML Index,,-0.0018755212767656015,1369.4187
2025-05-21,SML Index,,-0.028319242317926596,1330.6378
2025-05-22,SML Index,,-0.0007198803461015979,1329.6799
2025-05-23,SML Index,,-0.005470940788080081,1322.4053
2025-05-27,SML Index,,0.025681082796628285,1356.3661
2025-05-28,SML Index,,-0.012121211227558604,1339.9253
2025-05-29,SML Index,,0.0039299205709451,1345.1911
2025-05-30,SML Index,,-0.0032709107278513505,1340.7911
2025-06-02,SML Index,,-0.0039010551308104047,1335.5606
2025-06-03,SML Index,,0.01607482281223338,1357.0295
2025-06-04,SML Index,,-0.002592427062197311,1353.5115
2025-06-05,SML Index,,-0.0003499046738797418,1353.0379
2025-06-06,SML Index,,0.012545990027330145,1370.0131
2025-06-09,SML Index,,0.009190131101666,1382.6037
2025-06-10,SML Index,,0.0066499171092917475,1391.7979
2025-06-11,SML Index,,-0.005745518081324841,1383.8013
2025-06-12,SML Index,,-0.003955697974846628,1378.3274
2025-06-13,SML Index,,-0.019091400199981345,1352.0132
2025-06-16,SML Index,,0.009715807508388297,1365.1491
2025-06-17,SML Index,,-0.01021851752310432,1351.1993
2025-06-18,SML Index,,0.004101763522228019,1356.7416
2025-06-20,SML Index,,-0.001179590866823843,1355.1412
2025-06-23,SML Index,,0.012215996384731032,1371.6956
2025-06-24,SML Index,,0.010468722069240322,1386.0555
2025-06-25,SML Index,,-0.009904076712656806,1372.3279
2025-06-26,SML Index,,0.015660980149131865,1393.8199
2025-06-27,SML Index,,0.0025118740233225356,1397.321
2025-06-30,SML Index,,-0.0016825768738892855,1394.9699
2025-07-01,SML Index,,0.015150147684190207,1416.1039
2025-07-02,SML Index,,0.013479236940170836,1435.1919
2025-07-03,SML Index,,0.006082461864507449,1443.9214
2025-07-07,SML Index,,-0.017793281545657513,1418.2293
2025-07-08,SML Index,,0.007810725670383656,1429.3067
2025-07-09,SML Index,,0.00845095038034871,1441.3857
2025-07-10,SML Index,,0.009656124658375731,1455.3039
2025-07-11,SML Index,,-0.010223843968259927,1440.4251
2025-07-14,SML Index,,0.002411996291928009,1443.8994
2025-07-15,SML Index,,-0.02089425343621587,1413.7302
2025-07-16,SML Index,,0.006853570787410446,1423.4193
2025-07-17,SML Index,,0.011429660957948284,1439.6885
2025-07-18,SML Index,,-0.007856907935292923,1428.377
2025-07-21,SML Index,,-0.0023665320850168037,1424.9967
2025-07-22,SML Index,,0.010406760941972681,1439.8263
2025-07-23,SML Index,,0.011534238539746111,1456.4336
2025-07-24,SML Index,,-0.015822897796370583,1433.3886
2025-07-25,SML Index,,0.00570487305396461,1441.5659
2025-07-28,SML Index,,-0.0015899377198088649,1439.2739
2025-07-29,SML Index,,-0.00402605786153698,1433.4793
2025-07-30,SML Index,,-0.006359212860625241,1424.3635
2025-07-31,SML Index,,-0.011558566335068243,1407.8999
2025-08-01,SML Index,,-0.016370339965220415,1384.8521
2025-08-04,SML Index,,0.016114933861890224,1407.1689
2025-08-05,SML Index,,0.005800156612330021,1415.3307
2025-08-06,SML Index,,-0.0005783100726919344,1414.5122
2025-08-07,SML Index,,-0.001746326401426579,1412.042
2025-08-08,SML Index,,0.0026247802827394917,1415.7483
2025-08-11,SML Index,,-0.0012625125525490555,1413.9609
2025-08-12,SML Index,,0.03238222499646204,1459.7481
2025-08-13,SML Index,,0.021268327049029923,1490.7945
2025-08-14,SML Index,,-0.013671166616190167,1470.4136
2025-08-15,SML Index,,-0.0064061567439257505,1460.9939
2025-08-18,SML Index,,0.0017991861567663303,1463.6225
2025-08-19,SML Index,,0.0012273656629355756,1465.4189
2025-08-20,SML Index,,-0.005327691624558595,1457.6116
2025-08-21,SML Index,,-0.0007944503185896012,1456.4536
2025-08-22,SML Index,,0.038100424208501904,1511.9451
2025-08-25,SML Index,,-0.00880865317133539,1498.6269
2025-08-26,SML Index,,0.003328513588005233,1503.6151
2025-08-27,SML Index,,0.007704165780191952,1515.1992
2025-08-28,SML Index,,-0.0014574981296188172,1512.9908
2025-08-29,SML Index,,-0.003743644706894478,1507.3267
2025-09-02,SML Index,,-0.008507445665229652,1494.5032
2025-09-03,SML Index,,-0.0007851438524856258,1493.3298
2025-09-04,SML Index,,0.015021731971062158,1515.7622
2025-09-05,SML Index,,0.003014061176614735,1520.3308
2025-09-08,SML Index,,-0.0017825725822301353,1517.6207
2025-09-09,SML Index,,-0.008410072424552384,1504.8574
2025-09-10,SML Index,,-0.0025108026846930587,1501.079
2025-09-11,SML Index,,0.021013817394021306,1532.6224
2025-09-12,SML Index,,-0.01308202202969233,1512.5726
2025-09-15,SML Index,,0.0004318470399371499,1513.2258
2025-09-16,SML Index,,-0.0010593924581513425,1511.6227
2025-09-17,SML Index,,-0.0004540154100621807,1510.9364
2025-09-18,SML Index,,0.02265416333870829,1545.1654
2025-09-19,SML Index,,-0.011192135159122873,1527.8717
2025-09-22,SML Index,,0.0023267660497934273,1531.4267
2025-09-23,SML Index,,-0.001929638552076951,1528.4716
2025-09-24,SML Index,,-0.008608337897805907,1515.314
2025-09-25,SML Index,,-0.008816918473662949,1501.9536
2025-09-26,SML Index,,0.010819708411764495,1518.2043
2025-09-29,SML Index,,0.000859633976797225,1519.5094
2025-09-30,SML Index,,0.001686136327949006,1522.0715
2025-10-01,SML Index,,0.002532863929191276,1525.9267
2025-10-02,SML Index,,0.003701816083302001,1531.5754
2025-10-03,SML Index,,0.004887777643856284,1539.0614
2025-10-06,SML Index,,-0.002756680142845469,1534.8187
2025-10-07,SML Index,,-0.013033265753147227,1514.815
2025-10-08,SML Index,,0.008597419486868096,1527.8385
2025-10-09,SML Index,,-0.0109268093453595,1511.1441
2025-10-10,SML Index,,-0.03167427911077436,1463.2797
2025-10-13,SML Index,,0.020549728121014743,1493.3497
2025-10-14,SML Index,,0.01492249270214474,1515.6342
2025-10-15,SML Index,,0.00827712913841605,1528.1793
2025-10-16,SML Index,,-0.012604280139117185,1508.9177
2025-10-17,SML Index,,-0.0011942997288718615,1507.1156
2025-10-20,SML Index,,0.01587748146193957,1531.0448
2025-10-21,SML Index,,0.0027247406476937908,1535.2165
2025-10-22,SML Index,,-0.00774125343233345,1523.332
2025-10-23,SML Index,,0.010849637505152998,1539.8596
2025-10-24,SML Index,,0.008303354409713748,1552.6456
2025-10-27,SML Index,,-0.0005118360558263868,1551.8509
2025-10-28,SML Index,,-0.005421848194307799,1543.437
2025-10-29,SML Index,,-0.012931010465603632,1523.4788
2025-10-30,SML Index,,-0.010924011545155876,1506.8363
2025-10-31,SML Index,,0.001265565476488817,1508.7433
2025-11-03,SML Index,,0.0021032073514426486,1511.9165
2025-11-04,SML Index,,-0.01240101553227313,1493.1672
2025-11-05,SML Index,,0.017885404929869786,1519.8731
2025-11-06,SML Index,,-0.014235925354557533,1498.2363
2025-11-07,SML Index,,0.00884159594851619,1511.4831
2025-11-10,SML Index,,0.009641920574566809,1526.0567
2025-11-11,SML Index,,0.0035963932401725796,1531.545
2025-11-12,SML Index,,-0.0005373005690333388,1530.7221
2025-11-13,SML Index,,-0.021010214721535636,1498.5613
2025-11-14,SML Index,,-0.0010544113210451123,1496.9812
2025-11-17,SML Index,,-0.02194489817240175,1464.1301
2025-11-18,SML Index,,-0.000736341667998075,1463.052
2025-11-19,SML Index,,-0.0013189551704244629,1461.1223
2025-11-20,SML Index,,-0.01726179937162009,1435.9007
2025-11-21,SML Index,,0.03148226057693271,1481.1061
2025-11-24,SML Index,,0.013094065307002634,1500.4998
2025-11-25,SML Index,,0.025624128706981386,1538.9488
2025-11-26,SML Index,,0.005098415229928488,1546.795
2025-11-28,SML Index,,0.0012412763165123852,1548.715
2025-12-01,SML Index,,-0.0055717159064127,1540.086
2025-12-02,SML Index,,0.0006465223370641926,1541.0817
2025-12-03,SML Index,,0.014562044309526234,1563.523
2025-12-04,SML Index,,-0.0019007075687405006,1560.5512
2025-12-05,SML Index,,-0.0014569851985632987,1558.2775
2025-12-08,SML Index,,-0.004411922780121036,1551.4025
2025-12-09,SML Index,,0.004876684161589262,1558.9682
2025-12-10,SML Index,,0.01955864141423791,1589.4595
2025-12-11,SML Index,,0.011344611171281827,1607.4913
2025-12-12,SML Index,,-0.010885160000554839,1589.9935
2025-12-15,SML Index,,-0.003211459669489214,1584.8873
2025-12-16,SML Index,,-0.0071945178688731515,1573.4848
2025-12-17,SML Index,,-0.002871842168414962,1568.966
2025-12-18,SML Index,,0.0020287246505024115,1572.149
2025-12-19,SML Index,,0.0025134386117346974,1576.1005
2025-12-22,SML Index,,0.0074086011647098715,1587.7772
2025-12-23,SML Index,,-0.0050750823226332065,1579.7191
2025-12-24,SML Index,,0.0038315039680154594,1585.7718
2025-12-26,SML Index,,-0.0006210855811661364,1584.7869
2025-12-29,SML Index,,-0.004377181563022914,1577.85
2025-12-30,SML Index,,-0.007107456348829033,1566.6355
2025-12-31,SML Index,,-0.012005089888490361,1547.8279
2026-01-02,SML Index,,0.009964802934486539,1563.2517
2026-01-05,SML Index,,0.012125238693167617,1582.2065
2026-01-06,SML Index,,0.015251169806216769,1606.337
2026-01-07,SML Index,,-0.008358395529705187,1592.9106
2026-01-08,SML Index,,0.014924252497283907,1616.6836
2026-01-09,SML Index,,0.00786022694855082,1629.3911
2026-01-12,SML Index,,0.0010192764646865804,1631.0519
2026-01-13,SML Index,,-0.0006990580741176311,1629.9117
2026-01-14,SML Index,,0.005567418161364079,1638.9861
2026-01-15,SML Index,,0.01450488201211697,1662.7594
2026-01-16,SML Index,,-0.0032831569017139905,1657.3003
2026-01-20,SML Index,,-0.01452579233829876,1633.2267
2026-01-21,SML Index,,0.026350842782572714,1676.2636
2026-01-22,SML Index,,0.0026511940007525325,1680.7077
2026-01-23,SML Index,,-0.017867711321843727,1650.6773
2026-01-26,SML Index,,0.0002174864826698375,1651.0363
2026-01-27,SML Index,,-0.0036902277678569906,1644.9436
2026-01-28,SML Index,,-0.004589093510561693,1637.3948
2026-01-29,SML Index,,0.006313443770555649,1647.7324
2026-01-30,SML Index,,-0.007177621803152068,1635.9056
2026-02-02,SML Index,,0.011091104523390571,1654.0496
2026-02-03,SML Index,,-0.0008617033007959352,1652.6243
2026-02-04,SML Index,,0.008652117725728825,1666.923
2026-02-05,SML Index,,-0.006956110150258876,1655.3277
2026-02-06,SML Index,,0.02742031079405005,1700.7173
2026-02-09,SML Index,,6.185625324084398e-05,1700.8225
2026-02-10,SML Index,,0.00026228486511681304,1701.2686
2026-02-11,SML Index,,-0.001331594552441584,1699.0032
2026-02-12,SML Index,,-0.018258352897746244,1667.9822
2026-02-13,SML Index,,0.011647306547995617,1687.4097
2026-02-17,SML Index,,-0.0016346356193164269,1684.6514
2026-02-18,SML Index,,0.0032679757960607514,1690.1568
2026-02-19,SML Index,,-0.0018049804609844289,1687.1061
2026-02-20,SML Index,,0.005333926538467315,1696.105
2026-02-23,SML Index,,-0.02040728610551823,1661.4921
2026-02-24,SML Index,,0.009741304216854374,1677.6772
2026-02-25,SML Index,,0.0033371139573212805,1683.2758
2026-02-26,SML Index,,0.005527733482534547,1692.5805
2026-02-27,SML Index,,-0.012550717676352852,1671.3374
